rank,feature
1,TATA
2,ATAT
3,TTAA
4,TGCA
5,GCGC
6,ATAA
7,TTAT
8,AATT
9,CCGG
10,TCGA
11,GAAT
12,TTTA
13,AAGA
14,GTAC
15,CCTG
16,AACC
17,GGGG
18,CGCG
19,GATC
20,GGAG
21,AGGT
22,GGTG
23,AGCT
24,ACGT
25,TAAC
26,GAGC
27,CCTC
28,CATG
29,ATAC
30,GTTC
31,GATA
32,AATA
33,TGGT
34,CCTA
35,GAAG
36,ATTC
37,CTAC
38,TGAG
39,TTCT
40,CTGT
41,CTAG
42,TATT
43,TATC
44,TTGG
45,TACC
46,TTAG
47,CGCT
48,CCCA
49,CACG
50,AGGA
51,TCCT
52,GTTA
53,GTGA
54,ATTA
55,TGAA
56,TAAT
57,CCAC
58,AAGT
59,TCAT
60,GCTT
61,ACTT
62,CAAT
63,CACA
64,GGAA
65,CCCG
66,GGCC
67,AGAA
68,GCTA
69,AGTG
70,GCAA
71,AACA
72,GCTG
73,GGGA
74,GTTG
75,TTTC
76,TCTA
77,GGGT
78,CATC
79,TAAA
80,AGTA
81,ACCC
82,CGGC
83,TGGG
84,CTTA
85,TTAC
86,CGGA
87,AAAC
88,TTTT
89,GAAC
90,TAGT
91,GCTC
92,GCCA
93,CCCC
94,CTGC
95,CAGG
96,GTTT
97,GTCA
98,TGTA
99,TTGT
100,GTAT
