plasmid_accession,fold
AP022381.1,5
AP022385.1,4
AP024350.1,3
AP024844.2,1
AP025670.1,4
AP026557.1,1
AP028575.1,3
AP028979.1,4
CP003225.1,4
CP007558.1,5
CP008790.1,5
CP009868.1,4
CP012668.1,2
CP014295.1,1
CP016036.1,2
CP017387.1,1
CP018457.1,2
CP026281.1,2
CP027695.1,2
CP028419.1,4
CP029718.1,1
CP031564.1,1
CP034397.1,3
CP035908.1,1
CP041052.1,2
CP042646.1,5
CP046032.1,1
CP046034.1,4
CP050740.1,3
CP052444.1,5
CP063685.2,3
CP063738.1,2
CP063741.1,2
CP063755.1,2
CP063757.1,1
CP064854.1,3
CP067666.1,5
CP067687.1,4
CP067696.1,2
CP067958.1,3
CP068399.1,4
CP074336.1,1
CP082149.1,3
CP082373.1,1
CP082375.1,1
CP082395.1,3
CP082404.1,3
CP082407.1,3
CP082410.1,2
CP082428.1,1
CP082437.1,3
CP082440.1,2
CP082450.1,4
CP082452.1,3
CP082457.1,5
CP082469.1,1
CP082476.1,1
CP082479.1,3
CP082483.1,4
CP082489.1,4
CP082501.1,5
CP082513.1,2
CP082520.1,3
CP082525.1,2
CP082545.1,5
CP082546.1,5
CP082551.1,4
CP082575.1,4
CP082599.1,3
CP082607.1,3
CP082616.1,2
CP082643.1,2
CP082646.1,2
CP082648.1,2
CP082663.1,4
CP082679.1,2
CP082737.1,1
CP082740.1,5
CP082752.1,2
CP083494.1,4
CP086673.1,4
CP093454.1,4
CP094370.1,5
CP098445.1,3
CP109689.1,2
CP109701.1,1
CP109714.1,3
CP109722.1,1
CP109726.1,1
CP110595.1,1
CP110604.1,1
CP110729.1,3
CP114351.1,2
CP114368.1,4
CP123693.1,5
CP123699.1,5
CP123701.1,4
CP134892.1,5
CP135470.1,5
CP136911.1,4
CP136914.1,5
CP137447.1,2
CP137451.1,2
CP137457.1,1
CP142577.1,2
CP143331.1,3
CP143338.1,2
CP144326.1,3
CP157136.1,2
KU160531.1,2
LC521847.1,3
LC521852.1,1
LC521853.1,2
LC613143.1,2
LC744438.1,3
LC744445.1,1
LC744454.1,1
LC744494.1,5
LC744502.1,4
LC744514.1,5
LC807804.1,4
LC807805.1,3
LC807806.1,1
NC_008612.1,3
NC_008613.1,5
NC_009139.1,2
NC_009140.1,3
NC_012690.1,4
NC_012692.1,2
NC_012693.1,5
NC_016839.1,4
NC_016974.1,2
NC_016976.1,4
NC_017645.1,4
NC_018994.1,1
NC_019045.2,5
NC_019065.1,1
NC_019066.1,1
NC_019069.1,3
NC_019107.1,5
NC_019116.1,3
NC_019118.1,4
NC_019121.1,5
NC_019153.1,5
NC_019158.1,5
NC_019375.1,5
NC_019380.1,3
NC_020180.1,2
NC_021667.1,1
NC_021815.1,1
NC_022377.1,2
NC_022522.2,2
NC_022652.1,1
NC_023291.1,4
NC_023898.1,2
NZ_AP014611.1,3
NZ_AP014634.1,2
NZ_AP014939.1,4
NZ_AP018143.1,3
NZ_AP018145.1,5
NZ_AP018672.1,3
NZ_AP018687.1,3
NZ_AP019688.1,5
NZ_AP019818.1,1
NZ_AP022080.1,5
NZ_AP022377.1,1
NZ_AP022390.1,4
NZ_AP022395.1,1
NZ_AP022400.1,2
NZ_AP022487.1,3
NZ_AP022495.1,4
NZ_AP022514.1,4
NZ_AP023051.1,3
NZ_AP024125.1,4
NZ_AP024348.1,3
NZ_AP025336.1,1
NZ_AP026526.1,2
NZ_AP026554.1,2
NZ_AP026734.1,1
NZ_AP026939.1,3
NZ_AP026942.1,1
NZ_AP028043.1,2
NZ_AP028048.1,4
NZ_AP028052.1,1
NZ_AP028130.1,1
NZ_AP028311.1,5
NZ_AP028316.1,4
NZ_AP028319.1,3
NZ_AP028805.1,5
NZ_CP003998.1,4
NZ_CP006029.1,2
NZ_CP006661.1,4
NZ_CP006665.1,2
NZ_CP007137.1,1
NZ_CP007636.1,5
NZ_CP007732.1,2
NZ_CP008824.1,5
NZ_CP009410.1,3
NZ_CP009411.1,4
NZ_CP009412.1,1
NZ_CP009413.1,4
NZ_CP009414.1,3
NZ_CP009560.1,2
NZ_CP009562.1,3
NZ_CP009563.1,3
NZ_CP009564.1,1
NZ_CP009567.1,4
NZ_CP010373.2,4
NZ_CP011429.1,1
NZ_CP011540.1,1
NZ_CP011622.1,4
NZ_CP012682.1,2
NZ_CP012902.1,2
NZ_CP013324.1,5
NZ_CP014658.1,5
NZ_CP014775.1,3
NZ_CP014966.1,1
NZ_CP014978.1,1
NZ_CP015139.1,1
NZ_CP015394.1,5
NZ_CP015835.1,5
NZ_CP016013.1,5
NZ_CP016864.1,2
NZ_CP017055.1,4
NZ_CP017058.1,5
NZ_CP017084.1,5
NZ_CP017778.1,5
NZ_CP017987.1,4
NZ_CP018220.1,5
NZ_CP018318.1,1
NZ_CP018689.1,3
NZ_CP018698.1,1
NZ_CP018704.1,1
NZ_CP018710.1,2
NZ_CP018716.1,2
NZ_CP018722.1,2
NZ_CP018817.1,4
NZ_CP018956.1,2
NZ_CP019001.1,3
NZ_CP019053.1,5
NZ_CP020049.1,3
NZ_CP020056.1,3
NZ_CP020513.1,4
NZ_CP020524.1,3
NZ_CP020913.1,2
NZ_CP021206.1,3
NZ_CP021536.1,1
NZ_CP021551.1,3
NZ_CP021695.1,2
NZ_CP021709.1,1
NZ_CP021719.1,4
NZ_CP021835.1,4
NZ_CP021853.1,5
NZ_CP021936.1,4
NZ_CP021952.1,2
NZ_CP021956.1,1
NZ_CP022063.1,2
NZ_CP022126.1,2
NZ_CP022359.1,5
NZ_CP023724.1,4
NZ_CP023948.1,5
NZ_CP024192.1,4
NZ_CP024522.1,1
NZ_CP024529.1,1
NZ_CP024536.1,5
NZ_CP024550.1,5
NZ_CP024557.1,4
NZ_CP024564.1,3
NZ_CP024571.1,5
NZ_CP024824.1,3
NZ_CP025141.1,2
NZ_CP025144.1,2
NZ_CP025147.1,3
NZ_CP025231.1,3
NZ_CP025236.1,2
NZ_CP025240.1,5
NZ_CP025242.1,3
NZ_CP025245.1,1
NZ_CP025275.1,1
NZ_CP025470.1,1
NZ_CP026207.1,1
NZ_CP026225.1,5
NZ_CP026233.1,4
NZ_CP026405.1,2
NZ_CP027038.1,3
NZ_CP027043.1,2
NZ_CP027055.1,2
NZ_CP027679.1,1
NZ_CP028170.1,2
NZ_CP028197.1,4
NZ_CP028316.1,4
NZ_CP028804.2,4
NZ_CP028814.1,2
NZ_CP028996.1,2
NZ_CP029118.1,5
NZ_CP029123.1,3
NZ_CP029249.1,4
NZ_CP029730.1,3
NZ_CP029737.1,5
NZ_CP029743.1,2
NZ_CP029802.1,4
NZ_CP030077.1,5
NZ_CP030132.1,3
NZ_CP030304.1,2
NZ_CP030720.1,5
NZ_CP030727.1,1
NZ_CP030736.1,3
NZ_CP030744.1,5
NZ_CP031106.1,2
NZ_CP031122.1,4
NZ_CP031297.1,3
NZ_CP031362.1,1
NZ_CP031549.1,1
NZ_CP031570.1,3
NZ_CP031573.1,4
NZ_CP031576.1,3
NZ_CP031584.1,2
NZ_CP031610.1,5
NZ_CP031802.1,1
NZ_CP032168.1,5
NZ_CP032192.1,5
NZ_CP032238.1,2
NZ_CP032380.1,3
NZ_CP032385.1,4
NZ_CP032388.1,2
NZ_CP032391.1,5
NZ_CP032395.1,4
NZ_CP032397.1,4
NZ_CP032414.1,5
NZ_CP032448.1,3
NZ_CP032450.1,2
NZ_CP032491.1,5
NZ_CP032496.1,5
NZ_CP033514.1,1
NZ_CP034402.1,5
NZ_CP035548.1,5
NZ_CP035669.1,3
NZ_CP036192.1,4
NZ_CP038322.1,5
NZ_CP038326.1,5
NZ_CP038330.1,1
NZ_CP038464.1,5
NZ_CP038466.1,2
NZ_CP039562.1,4
NZ_CP040024.1,3
NZ_CP040029.1,1
NZ_CP040034.1,3
NZ_CP040039.1,5
NZ_CP040068.1,4
NZ_CP040171.1,4
NZ_CP040884.1,5
NZ_CP041027.1,2
NZ_CP041083.1,1
NZ_CP041103.1,1
NZ_CP041172.1,2
NZ_CP041209.1,1
NZ_CP041641.1,2
NZ_CP043190.1,4
NZ_CP043192.1,2
NZ_CP043215.1,3
NZ_CP043904.1,3
NZ_CP044075.1,4
NZ_CP044142.1,2
NZ_CP044189.1,2
NZ_CP044962.1,2
NZ_CP045016.1,2
NZ_CP045459.1,2
NZ_CP045462.1,3
NZ_CP045467.1,1
NZ_CP045510.1,5
NZ_CP045517.1,3
NZ_CP045520.1,5
NZ_CP045742.1,4
NZ_CP045953.1,4
NZ_CP046506.1,4
NZ_CP046773.1,1
NZ_CP047128.1,5
NZ_CP047270.1,3
NZ_CP047272.1,4
NZ_CP047274.1,2
NZ_CP047276.1,3
NZ_CP047278.1,4
NZ_CP047280.1,1
NZ_CP047282.1,4
NZ_CP047308.1,2
NZ_CP047345.1,2
NZ_CP047350.1,3
NZ_CP047353.1,1
NZ_CP047421.1,3
NZ_CP047703.1,3
NZ_CP048305.1,4
NZ_CP048384.1,4
NZ_CP048797.1,3
NZ_CP049111.1,4
NZ_CP049113.1,4
NZ_CP049291.1,5
NZ_CP049969.1,3
NZ_CP050162.1,1
NZ_CP050164.1,2
NZ_CP050727.1,3
NZ_CP050732.1,2
NZ_CP050832.1,1
NZ_CP051308.1,4
NZ_CP051316.1,4
NZ_CP051319.1,2
NZ_CP051357.1,2
NZ_CP051360.1,5
NZ_CP051373.1,4
NZ_CP051387.1,3
NZ_CP051395.1,2
NZ_CP051397.1,3
NZ_CP051400.1,5
NZ_CP051403.1,4
NZ_CP051426.1,2
NZ_CP053105.1,2
NZ_CP053192.1,1
NZ_CP053365.1,2
NZ_CP053663.1,3
NZ_CP053670.1,1
NZ_CP053782.1,2
NZ_CP053812.1,5
NZ_CP053815.1,3
NZ_CP054305.1,4
NZ_CP054399.1,4
NZ_CP054402.1,3
NZ_CP054405.1,2
NZ_CP054408.1,2
NZ_CP055249.1,4
NZ_CP060509.1,3
NZ_CP060954.1,4
NZ_CP061407.1,1
NZ_CP061931.1,2
NZ_CP063295.1,5
NZ_CP065079.1,5
NZ_CP065085.1,3
NZ_CP065088.1,1
NZ_CP065118.1,1
NZ_CP065439.1,1
NZ_CP065443.1,5
NZ_CP065446.1,5
NZ_CP065451.1,4
NZ_CP065454.1,4
NZ_CP065463.1,2
NZ_CP065465.1,4
NZ_CP066542.1,2
NZ_CP066808.1,1
NZ_CP068573.1,5
NZ_CP070541.1,3
NZ_CP070545.1,2
NZ_CP070557.1,1
NZ_CP070578.1,3
NZ_CP070596.1,4
NZ_CP070971.1,1
NZ_CP071026.1,1
NZ_CP071069.1,2
NZ_CP071071.1,2
NZ_CP071074.1,1
NZ_CP071087.1,5
NZ_CP076009.1,3
NZ_CP076553.1,2
NZ_CP077964.1,2
NZ_CP079116.1,3
NZ_CP079173.1,3
NZ_CP079618.1,3
NZ_CP079626.1,2
NZ_CP079631.1,4
NZ_CP079646.1,1
NZ_CP079656.1,5
NZ_CP079693.1,1
NZ_CP079808.1,1
NZ_CP080264.1,2
NZ_CP080423.1,3
NZ_CP080424.1,4
NZ_CP080425.1,1
NZ_CP080426.1,4
NZ_CP080427.1,2
NZ_CP080428.1,1
NZ_CP080515.1,2
NZ_CP080541.1,5
NZ_CP082173.1,4
NZ_CP082956.1,3
NZ_CP082989.1,1
NZ_CP084417.1,2
NZ_CP084543.1,5
NZ_CP085731.1,3
NZ_CP086224.1,5
NZ_CP086417.1,1
NZ_CP086424.1,4
NZ_CP086432.1,4
NZ_CP086440.1,5
NZ_CP086448.1,4
NZ_CP086666.1,1
NZ_CP087274.1,1
NZ_CP087671.1,1
NZ_CP089019.1,5
NZ_CP089438.1,4
NZ_CP089604.1,5
NZ_CP089878.1,4
NZ_CP090205.1,1
NZ_CP090430.1,3
NZ_CP091867.1,3
NZ_CP091869.1,3
NZ_CP092067.1,4
NZ_CP093318.1,4
NZ_CP094993.1,2
NZ_CP095164.1,3
NZ_CP095567.1,5
NZ_CP095570.1,4
NZ_CP095572.1,5
NZ_CP095588.1,5
NZ_CP095591.1,3
NZ_CP095592.1,4
NZ_CP095593.1,1
NZ_CP095597.1,5
NZ_CP095599.1,5
NZ_CP095603.1,5
NZ_CP095609.1,1
NZ_CP095620.1,2
NZ_CP095658.1,1
NZ_CP095676.1,4
NZ_CP095763.1,1
NZ_CP095777.1,1
NZ_CP095781.1,5
NZ_CP096164.1,2
NZ_CP096167.1,2
NZ_CP096170.1,5
NZ_CP096180.1,3
NZ_CP096303.1,5
NZ_CP096314.1,4
NZ_CP096319.1,5
NZ_CP096321.1,5
NZ_CP096324.1,1
NZ_CP096327.1,4
NZ_CP096329.1,2
NZ_CP096331.1,5
NZ_CP096333.1,5
NZ_CP096336.1,4
NZ_CP096344.1,5
NZ_CP096347.1,5
NZ_CP096355.1,2
NZ_CP096363.1,3
NZ_CP096365.1,5
NZ_CP096368.1,1
NZ_CP096375.1,4
NZ_CP097381.1,5
NZ_CP097667.1,1
NZ_CP097701.1,5
NZ_CP098334.1,4
NZ_CP098372.1,1
NZ_CP098375.1,2
NZ_CP099747.1,3
NZ_CP099750.1,1
NZ_CP099753.1,1
NZ_CP099755.1,5
NZ_CP100354.1,5
NZ_CP100424.1,1
NZ_CP100703.1,3
NZ_CP100733.1,3
NZ_CP100740.1,5
NZ_CP101380.1,3
NZ_CP101857.1,2
NZ_CP101908.1,2
NZ_CP101941.1,4
NZ_CP102989.1,3
NZ_CP103514.1,1
NZ_CP103711.1,2
NZ_CP104113.1,5
NZ_CP104115.1,1
NZ_CP104606.1,1
NZ_CP104637.1,5
NZ_CP104682.1,1
NZ_CP104722.1,2
NZ_CP104842.1,5
NZ_CP104923.1,3
NZ_CP104926.1,1
NZ_CP106909.1,2
NZ_CP106914.1,1
NZ_CP107062.1,4
NZ_CP109734.1,4
NZ_CP109746.1,5
NZ_CP109964.1,3
NZ_CP110518.1,2
NZ_CP110527.1,4
NZ_CP110892.1,5
NZ_CP110899.1,3
NZ_CP110913.1,2
NZ_CP110969.1,5
NZ_CP114162.1,4
NZ_CP114166.1,2
NZ_CP114170.1,2
NZ_CP114306.1,3
NZ_CP114314.1,4
NZ_CP114318.1,2
NZ_CP114322.1,1
NZ_CP114326.1,4
NZ_CP114330.1,1
NZ_CP114334.1,3
NZ_CP114356.1,5
NZ_CP114363.1,1
NZ_CP114566.1,5
NZ_CP114797.1,1
NZ_CP114802.1,2
NZ_CP115010.1,2
NZ_CP115016.1,5
NZ_CP115616.1,2
NZ_CP115724.1,4
NZ_CP115823.1,5
NZ_CP117189.1,5
NZ_CP117223.1,1
NZ_CP117337.1,4
NZ_CP117339.1,1
NZ_CP117341.1,4
NZ_CP117344.1,3
NZ_CP117347.1,4
NZ_CP117349.1,5
NZ_CP117352.1,2
NZ_CP117355.1,2
NZ_CP117360.1,1
NZ_CP117363.1,1
NZ_CP117366.1,3
NZ_CP117368.1,3
NZ_CP117372.1,1
NZ_CP117374.1,5
NZ_CP117377.1,3
NZ_CP117379.1,5
NZ_CP117381.1,1
NZ_CP117383.1,5
NZ_CP117385.1,5
NZ_CP117387.1,4
NZ_CP117389.1,4
NZ_CP117391.1,4
NZ_CP117395.1,5
NZ_CP117397.1,3
NZ_CP117399.1,2
NZ_CP117401.1,3
NZ_CP117732.1,2
NZ_CP118945.1,5
NZ_CP119121.1,4
NZ_CP119541.1,2
NZ_CP119547.1,2
NZ_CP119553.1,3
NZ_CP120532.1,1
NZ_CP122569.1,5
NZ_CP122581.1,3
NZ_CP125112.1,2
NZ_CP126179.1,5
NZ_CP126537.1,5
NZ_CP126793.1,3
NZ_CP126851.1,4
NZ_CP127506.1,4
NZ_CP129498.1,4
NZ_CP129693.1,3
NZ_CP129708.1,1
NZ_CP129712.1,3
NZ_CP129719.1,1
NZ_CP129722.1,3
NZ_CP129729.1,2
NZ_CP129738.1,2
NZ_CP129741.1,3
NZ_CP129746.1,5
NZ_CP129752.1,1
NZ_CP129760.1,2
NZ_CP129765.1,5
NZ_CP129772.1,5
NZ_CP129778.1,3
NZ_CP129782.1,2
NZ_CP129787.1,5
NZ_CP129793.1,1
NZ_CP129795.1,5
NZ_CP129801.1,2
NZ_CP129805.1,1
NZ_CP129811.1,4
NZ_CP129815.1,2
NZ_CP129826.1,1
NZ_CP129834.1,3
NZ_CP129842.1,3
NZ_CP129851.1,5
NZ_CP129872.1,5
NZ_CP131675.1,5
NZ_CP131681.1,1
NZ_CP131692.1,5
NZ_CP131702.1,5
NZ_CP131908.1,4
NZ_CP132611.1,2
NZ_CP132656.1,5
NZ_CP132696.1,5
NZ_CP132706.1,4
NZ_CP132712.1,3
NZ_CP132717.1,1
NZ_CP133339.1,4
NZ_CP133877.1,3
NZ_CP133884.1,4
NZ_CP134000.1,4
NZ_CP134037.1,4
NZ_CP134042.1,5
NZ_CP134059.1,3
NZ_CP134785.1,2
NZ_CP135624.1,4
NZ_CP135682.1,4
NZ_CP136049.1,3
NZ_CP136941.1,3
NZ_CP137132.1,1
NZ_CP137204.1,3
NZ_CP137231.1,3
NZ_CP137370.1,1
NZ_CP137921.1,1
NZ_CP138306.1,3
NZ_CP138308.1,4
NZ_CP138530.1,1
NZ_CP138702.1,1
NZ_CP139431.1,4
NZ_CP139498.1,1
NZ_CP141561.1,2
NZ_CP141593.1,5
NZ_CP142096.1,4
NZ_CP142384.1,3
NZ_CP142989.1,1
NZ_CP144127.1,2
NZ_CP144317.1,5
NZ_CP144507.1,5
NZ_CP144511.1,2
NZ_CP146088.1,2
NZ_CP146657.1,3
NZ_CP146661.1,2
NZ_CP149295.1,3
NZ_CP149581.1,3
NZ_CP149999.1,4
NZ_CP151089.1,2
NZ_CP151205.1,3
NZ_CP155645.1,2
NZ_CP155673.1,3
NZ_CP156714.1,3
NZ_CP156717.1,1
NZ_CP157154.1,1
NZ_CP157163.1,5
NZ_HQ023864.1,5
NZ_KC999035.1,4
NZ_KJ187752.1,4
NZ_KJ588779.1,4
NZ_KJ802404.1,1
NZ_KJ802405.1,5
NZ_KJ909290.1,5
NZ_KM083064.1,4
NZ_KM670336.1,3
NZ_KP056256.1,1
NZ_KP276584.1,2
NZ_KP345882.1,1
NZ_KP742988.1,3
NZ_KP975074.1,3
NZ_KR091911.1,2
NZ_KR559888.1,1
NZ_KR559889.1,5
NZ_KR559890.1,4
NZ_KT935446.1,2
NZ_KT997783.1,2
NZ_KU302801.1,4
NZ_KU302802.1,2
NZ_KU356480.1,5
NZ_KU726616.1,3
NZ_KU997026.1,5
NZ_KX029331.1,1
NZ_KX147633.1,5
NZ_KX156772.1,3
NZ_KX156773.1,2
NZ_KX458222.1,4
NZ_KX636095.1,4
NZ_KX709966.1,1
NZ_KX786648.1,2
NZ_KX815983.1,4
NZ_KX869741.1,1
NZ_KY014464.1,2
NZ_KY014465.1,1
NZ_KY014466.1,5
NZ_KY399978.1,4
NZ_KY887590.1,3
NZ_KY887591.1,1
NZ_KY887592.1,1
NZ_KY887593.1,5
NZ_KY887594.1,2
NZ_KY887595.1,5
NZ_KY887596.1,5
NZ_KY986974.1,5
NZ_LC055503.1,2
NZ_LC225353.1,4
NZ_LC507075.1,3
NZ_LC536681.1,1
NZ_LC536682.1,1
NZ_LC556210.1,1
NZ_LC556211.1,4
NZ_LC556212.1,5
NZ_LC556213.1,4
NZ_LN681228.1,2
NZ_LN831184.1,2
NZ_LN831185.1,4
NZ_LR822055.1,3
NZ_LR822057.1,1
NZ_LR822059.1,1
NZ_LR890256.1,3
NZ_LR890428.1,3
NZ_LR890502.1,5
NZ_LR890548.1,5
NZ_LR890658.1,3
NZ_LR890704.1,1
NZ_LS992184.1,4
NZ_LT882698.1,2
NZ_LT882699.1,5
NZ_LT985218.1,4
NZ_LT985220.1,5
NZ_LT985222.1,3
NZ_LT985224.1,5
NZ_LT985225.1,2
NZ_LT985228.1,4
NZ_LT985243.1,4
NZ_LT985244.1,1
NZ_LT985249.1,4
NZ_LT985250.1,1
NZ_LT985253.1,3
NZ_LT985258.1,2
NZ_LT985260.1,5
NZ_MF072965.1,5
NZ_MF150118.1,4
NZ_MF150121.1,5
NZ_MF150123.1,4
NZ_MF344572.1,5
NZ_MF344573.1,2
NZ_MF344574.1,4
NZ_MF497432.1,5
NZ_MF582638.1,1
NZ_MF627444.1,4
NZ_MF627445.1,3
NZ_MG252895.1,2
NZ_MG450360.1,5
NZ_MG764534.1,3
NZ_MG764552.1,3
NZ_MH001166.1,3
NZ_MH011352.1,3
NZ_MH061195.1,1
NZ_MH105050.1,1
NZ_MH113855.1,2
NZ_MH263652.1,1
NZ_MH457126.1,3
NZ_MH475146.1,2
NZ_MH476540.1,1
NZ_MH760469.1,2
NZ_MH763829.1,3
NZ_MH844629.1,3
NZ_MH892479.1,4
NZ_MH909327.1,4
NZ_MH917284.1,1
NZ_MH917285.1,5
NZ_MH995506.1,1
NZ_MH995507.1,2
NZ_MH995508.1,3
NZ_MK033499.1,5
NZ_MK041212.1,4
NZ_MK101346.1,1
NZ_MK123267.1,1
NZ_MK123268.1,1
NZ_MK205416.1,1
NZ_MK205417.1,1
NZ_MK205418.1,3
NZ_MK388209.1,5
NZ_MK439959.1,4
NZ_MK638972.1,4
NZ_MK733575.1,3
NZ_MK770642.1,1
NZ_MN065773.1,3
NZ_MN101850.1,3
NZ_MN101853.1,5
NZ_MN148427.1,4
NZ_MN175387.1,4
NZ_MN207908.1,4
NZ_MN254970.1,2
NZ_MN310369.1,2
NZ_MN310370.1,5
NZ_MN310375.1,4
NZ_MN310377.1,4
NZ_MN310378.1,2
NZ_MN380474.1,5
NZ_MN477204.1,5
NZ_MN550958.1,1
NZ_MN603981.1,1
NZ_MN604267.1,2
NZ_MN604268.1,3
NZ_MN647787.1,1
NZ_MN647788.1,3
NZ_MN647789.1,2
NZ_MN823987.1,2
NZ_MT151380.1,2
NZ_MT219816.1,3
NZ_MT316183.1,3
NZ_MT316184.1,1
NZ_MT320534.1,4
NZ_MT551208.1,1
NZ_MT559985.1,2
NZ_MT559986.1,4
NZ_MT559987.1,3
NZ_MT559988.1,3
NZ_MT559989.1,3
NZ_MT559990.1,4
NZ_MT559991.1,2
NZ_MT559992.1,2
NZ_MT559993.1,1
NZ_MT559994.1,3
NZ_MT559995.1,2
NZ_MT559996.1,3
NZ_MT559997.1,2
NZ_MT559998.1,4
NZ_MT559999.1,1
NZ_MT560000.1,3
NZ_MT560001.1,4
NZ_MT560002.1,4
NZ_MT560003.1,5
NZ_MT682138.1,4
NZ_MT720905.1,1
NZ_MT810375.1,2
NZ_MT816498.1,3
NZ_MT859309.1,3
NZ_MW363918.1,3
NZ_MW464182.1,4
NZ_MW540821.1,5
NZ_MZ465528.1,3
NZ_MZ465529.1,1
NZ_MZ465532.1,4
NZ_MZ465533.1,4
NZ_MZ475694.1,3
NZ_MZ475700.1,1
NZ_MZ475707.1,2
NZ_MZ546616.1,3
NZ_MZ606383.1,1
NZ_MZ606384.2,1
NZ_MZ670000.1,3
NZ_MZ836796.1,5
NZ_MZ836799.1,4
NZ_MZ836805.1,2
NZ_MZ836809.1,5
NZ_OK067239.1,4
NZ_OK146920.1,5
NZ_OK500123.1,4
NZ_OL348378.1,3
NZ_OL348380.1,1
NZ_OL389795.1,1
NZ_OL804390.1,5
NZ_OL908906.1,4
NZ_OL988825.1,2
NZ_OM975890.1,1
NZ_ON023483.1,2
NZ_ON209151.1,5
NZ_ON209152.1,5
NZ_ON209153.1,3
NZ_ON209154.1,1
NZ_ON390809.1,5
NZ_ON390810.1,1
NZ_ON391944.1,5
NZ_ON925022.1,4
NZ_ON934555.1,4
NZ_OP378640.1,5
NZ_OP905631.1,5
NZ_OQ338157.1,4
NZ_OQ362291.1,5
NZ_OQ420468.1,2
NZ_OQ622007.1,3
NZ_OQ622009.1,1
NZ_OQ622010.1,4
NZ_OQ658820.1,5
NZ_OQ658822.1,1
NZ_OQ750828.1,4
NZ_OQ821021.1,4
NZ_OQ821144.1,1
NZ_OQ821155.1,5
NZ_OQ821169.1,1
NZ_OR041626.1,3
NZ_OR041627.1,3
NZ_OR041628.1,2
NZ_OR041629.1,2
NZ_OR095745.1,3
NZ_OR253888.1,3
NZ_OR257470.1,5
NZ_OR257472.1,2
NZ_OR257474.1,2
NZ_OR497351.1,4
NZ_OU015324.1,2
NZ_OU015341.1,1
NZ_OW443149.1,4
NZ_OX461118.1,3
NZ_OY979118.1,3
NZ_OY979224.1,2
OV141395.1,3
