plasmid_accession,LightGBM_probability
AP022381.1,0.7368784675303125
AP022385.1,0.0103156248470183
AP024350.1,0.0029554409112154
AP024844.2,0.9940098038921538
AP025670.1,2.6410275010983847e-05
AP026557.1,5.333734297016398e-05
AP028575.1,0.0018051115142137
AP028979.1,0.0004766903586091
CP003225.1,0.0008154793214787
CP007558.1,0.3870757431692992
CP008790.1,0.0750630352514087
CP009868.1,0.0439470058875383
CP012668.1,0.001068316671592
CP014295.1,0.0057886124744132
CP016036.1,0.0002865507884945
CP017387.1,0.000418080939314
CP018457.1,0.016066218768288
CP026281.1,0.0283463284757162
CP027695.1,0.9987713882872344
CP028419.1,0.6676854249120745
CP029718.1,0.3861680979494691
CP031564.1,0.0016051266235518
CP034397.1,0.0001000576371388
CP035908.1,0.0006669460753428
CP041052.1,0.0013856111721104
CP042646.1,0.0815399724985732
CP046032.1,5.9586282170463205e-05
CP046034.1,0.0001365059790444
CP050740.1,0.0005729607151548
CP052444.1,0.99120912798951
CP063685.2,0.0001040147512443
CP063738.1,0.0001473860655006
CP063741.1,4.23170193933399e-05
CP063755.1,5.8330147386361415e-05
CP063757.1,0.0008300668730566
CP064854.1,0.0035046267202608
CP067666.1,0.9958462371533408
CP067687.1,0.0086452879635396
CP067696.1,0.0059562369733339
CP067958.1,0.981277950021804
CP068399.1,0.0006619547498748
CP074336.1,0.0002863460143608
CP082149.1,0.0006601467361475
CP082373.1,0.0109006308999347
CP082375.1,0.370602642206162
CP082395.1,0.0001424377735024
CP082404.1,0.0028864200263299
CP082407.1,0.2522901582690633
CP082410.1,0.2525932608894141
CP082428.1,0.4449163276491216
CP082437.1,0.453822172177824
CP082440.1,0.0007567464383212
CP082450.1,0.0359018632768987
CP082452.1,0.0032684119416398
CP082457.1,0.0004384983916644
CP082469.1,3.606010114749683e-05
CP082476.1,0.098068409610784
CP082479.1,0.0115363927104836
CP082483.1,1.34104232559362e-05
CP082489.1,0.03544355711783
CP082501.1,0.002719195048616
CP082513.1,0.008531474159141
CP082520.1,0.4477019994548626
CP082525.1,5.485717810584516e-05
CP082545.1,0.0001028896530945
CP082546.1,0.9970265927183914
CP082551.1,0.00670306780004
CP082575.1,2.97566169404194e-05
CP082599.1,0.1990851320609933
CP082607.1,0.0032639272694141
CP082616.1,0.0182149230944726
CP082643.1,0.3873110414266559
CP082646.1,1.654405439542394e-05
CP082648.1,0.0001133835366499
CP082663.1,4.8638052431711903e-05
CP082679.1,7.409105016671306e-05
CP082737.1,0.0522998659554716
CP082740.1,0.0002073952568812
CP082752.1,3.010370588626624e-05
CP083494.1,0.0040962690643383
CP086673.1,0.0022766646460175
CP093454.1,0.2540654784094968
CP094370.1,0.0023318403035556
CP098445.1,0.0080071456801391
CP109689.1,0.0063144288225431
CP109701.1,0.0051981182027712
CP109714.1,0.0023474802153162
CP109722.1,0.0043881795364275
CP109726.1,0.0424430703640905
CP110595.1,0.0015662449228688
CP110604.1,0.0015662449228688
CP110729.1,0.0003073865766814
CP114351.1,0.9908844013949883
CP114368.1,0.999095971042842
CP123693.1,0.007421622848861
CP123699.1,0.7932857213200769
CP123701.1,0.305341460760821
CP134892.1,0.0002476031244972
CP135470.1,0.0488471984388645
CP136911.1,0.9973815806720296
CP136914.1,0.9982916323577286
CP137447.1,0.9982422937207254
CP137451.1,0.2260674622139052
CP137457.1,0.3054985769421865
CP142577.1,3.299587899761998e-05
CP143331.1,0.9921237688259186
CP143338.1,0.9070676264266648
CP144326.1,0.0013740621759971
CP157136.1,0.0782006955769592
KU160531.1,0.111960853809348
LC521847.1,0.0015563409825809
LC521852.1,8.891206893308739e-05
LC521853.1,0.0018755027427405
LC613143.1,0.0083505011424094
LC744438.1,0.0328927900643828
LC744445.1,0.0105501465331006
LC744454.1,0.0065130809603151
LC744494.1,0.0101581417115
LC744502.1,0.2725890433236434
LC744514.1,0.0062376175001775
LC807804.1,4.814158366685547e-05
LC807805.1,0.0055699103682021
LC807806.1,0.000137761318834
NC_008612.1,0.0011903473799859
NC_008613.1,0.0082564042871557
NC_009139.1,0.0053478290264464
NC_009140.1,0.9266462071544164
NC_012690.1,0.0012863589758997
NC_012692.1,0.9984011958946916
NC_012693.1,0.9895272711217716
NC_016839.1,0.0008154793214787
NC_016974.1,0.0143714359677844
NC_016976.1,0.1626441843204062
NC_017645.1,0.9856469862770922
NC_018994.1,0.0209453561519346
NC_019045.2,0.0027335825201458
NC_019065.1,0.0543838911016125
NC_019066.1,0.990192321771458
NC_019069.1,0.0010831540523176
NC_019107.1,0.8957388812424256
NC_019116.1,0.001867218145094
NC_019118.1,0.000928817531258
NC_019121.1,0.1585768284661186
NC_019153.1,0.1636416288984544
NC_019158.1,0.9997569367402016
NC_019375.1,0.1509179794392938
NC_019380.1,0.0019688547382391
NC_020180.1,0.224541644625664
NC_021667.1,0.3502595922440057
NC_021815.1,4.962500927397515e-05
NC_022377.1,0.0080130609547026
NC_022522.2,0.8284341261984909
NC_022652.1,0.6017475452349427
NC_023291.1,0.0008640473103787
NC_023898.1,0.124793953071394
NZ_AP014611.1,0.0033730657981632
NZ_AP014634.1,2.3480484367620027e-05
NZ_AP014939.1,0.0001575364608163
NZ_AP018143.1,0.0004549337119651
NZ_AP018145.1,0.0003252831582395
NZ_AP018672.1,0.0064779502169704
NZ_AP018687.1,0.0051424579165264
NZ_AP019688.1,0.0006652451900982
NZ_AP019818.1,0.0001456358458533
NZ_AP022080.1,0.0224021895147368
NZ_AP022377.1,0.0018172505867747
NZ_AP022390.1,0.0012376446591396
NZ_AP022395.1,0.0012701953253236
NZ_AP022400.1,0.005454945670901
NZ_AP022487.1,0.0006668342589727
NZ_AP022495.1,0.0007921520540841
NZ_AP022514.1,0.0008192757628963
NZ_AP023051.1,0.6771981869960003
NZ_AP024125.1,0.0019779624882366
NZ_AP024348.1,0.0015948849941802
NZ_AP025336.1,0.9962849670238356
NZ_AP026526.1,0.8094039732388512
NZ_AP026554.1,8.714600495913728e-05
NZ_AP026734.1,0.0047709287360155
NZ_AP026939.1,0.9901779718559706
NZ_AP026942.1,0.9888107410408326
NZ_AP028043.1,0.9418397678830764
NZ_AP028048.1,0.99695967021373
NZ_AP028052.1,0.9962849670238356
NZ_AP028130.1,4.8481305345944864e-05
NZ_AP028311.1,4.708470823161802e-05
NZ_AP028316.1,0.0001441408483489
NZ_AP028319.1,0.0001892100693712
NZ_AP028805.1,0.1139177184952831
NZ_CP003998.1,0.0004883243971549
NZ_CP006029.1,0.0006810126180489
NZ_CP006661.1,0.9990251878384464
NZ_CP006665.1,4.053649704409682e-05
NZ_CP007137.1,0.0001169992505636
NZ_CP007636.1,0.1175970506371905
NZ_CP007732.1,0.8041674146387854
NZ_CP008824.1,0.0028745269140996
NZ_CP009410.1,0.0247717083355429
NZ_CP009411.1,0.6249869807311815
NZ_CP009412.1,0.0067827357505379
NZ_CP009413.1,0.5360026507099892
NZ_CP009414.1,0.109762576396545
NZ_CP009560.1,0.996712132546835
NZ_CP009562.1,0.9251129470525852
NZ_CP009563.1,0.0141291791164766
NZ_CP009564.1,0.9814284517091568
NZ_CP009567.1,0.99180962919891
NZ_CP010373.2,0.0134057554663777
NZ_CP011429.1,0.0001063364969195
NZ_CP011540.1,0.9940991584796218
NZ_CP011622.1,0.1673367853649581
NZ_CP012682.1,4.9931192992515584e-05
NZ_CP012902.1,0.2268045959489154
NZ_CP013324.1,0.2153795332467451
NZ_CP014658.1,0.0024880402568639
NZ_CP014775.1,0.0006767549971798
NZ_CP014966.1,1.208225455125736e-05
NZ_CP014978.1,0.9987737055730082
NZ_CP015139.1,0.0368161246247148
NZ_CP015394.1,0.1350431496017317
NZ_CP015835.1,0.99979790967636
NZ_CP016013.1,0.1160277863129733
NZ_CP016864.1,0.0012827435298122
NZ_CP017055.1,0.0168820912113193
NZ_CP017058.1,0.0018444125447567
NZ_CP017084.1,0.0348466098967816
NZ_CP017778.1,0.0001911068921018
NZ_CP017987.1,0.0001190512000785
NZ_CP018220.1,1.9175463720858044e-05
NZ_CP018318.1,0.001294182498226
NZ_CP018689.1,0.0014303670156399
NZ_CP018698.1,0.001294182498226
NZ_CP018704.1,0.001294182498226
NZ_CP018710.1,0.055005221364505
NZ_CP018716.1,0.057539302387236
NZ_CP018722.1,0.0008703377719481
NZ_CP018817.1,0.9981242547639908
NZ_CP018956.1,0.6451433822877561
NZ_CP019001.1,4.389132543415998e-05
NZ_CP019053.1,0.997145210462415
NZ_CP020049.1,0.0143276134518772
NZ_CP020056.1,0.993675139256145
NZ_CP020513.1,0.0022489390884878
NZ_CP020524.1,0.0100372956130158
NZ_CP020913.1,0.0011980915753626
NZ_CP021206.1,0.0038662029787935
NZ_CP021536.1,2.0196654203954607e-05
NZ_CP021551.1,0.0040721198955
NZ_CP021695.1,0.0012624927270931
NZ_CP021709.1,0.0567612612868199
NZ_CP021719.1,0.0368506238961558
NZ_CP021835.1,0.9950857084164804
NZ_CP021853.1,0.0507297177886414
NZ_CP021936.1,0.999695143653776
NZ_CP021952.1,0.0008999448843195
NZ_CP021956.1,0.0483083378860545
NZ_CP022063.1,3.826560252626237e-05
NZ_CP022126.1,0.994640611242127
NZ_CP022359.1,0.0001884594524919
NZ_CP023724.1,0.0019334211923657
NZ_CP023948.1,3.005313549364381e-05
NZ_CP024192.1,0.0002311359617916
NZ_CP024522.1,0.0004539421014583
NZ_CP024529.1,0.0004539421014583
NZ_CP024536.1,0.0003363931780501
NZ_CP024550.1,0.0003363931780501
NZ_CP024557.1,0.0004370397299858
NZ_CP024564.1,0.0001921999128009
NZ_CP024571.1,0.0003363931780501
NZ_CP024824.1,0.0019346959205224
NZ_CP025141.1,0.9806541852318096
NZ_CP025144.1,0.9779623412175168
NZ_CP025147.1,0.9856747666438336
NZ_CP025231.1,0.99828951910828
NZ_CP025236.1,0.447068871566755
NZ_CP025240.1,0.996978734024419
NZ_CP025242.1,0.039872708857447
NZ_CP025245.1,0.0168112111308685
NZ_CP025275.1,0.104772398452748
NZ_CP025470.1,0.0001748548480823
NZ_CP026207.1,0.0281481464963169
NZ_CP026225.1,0.2288203077540712
NZ_CP026233.1,0.0028654358588522
NZ_CP026405.1,0.0010100403918685
NZ_CP027038.1,0.0030677625898187
NZ_CP027043.1,8.85149360925048e-05
NZ_CP027055.1,0.0002309081328408
NZ_CP027679.1,0.007783521828388
NZ_CP028170.1,0.0072695477880686
NZ_CP028197.1,3.3518277724222546e-05
NZ_CP028316.1,3.979646437903597e-05
NZ_CP028804.2,1.817970906574868e-05
NZ_CP028814.1,0.0102821690148592
NZ_CP028996.1,0.9997591847775368
NZ_CP029118.1,0.0205721535288273
NZ_CP029123.1,0.0011628779528193
NZ_CP029249.1,0.0003870443475731
NZ_CP029730.1,0.0016904525144491
NZ_CP029737.1,0.0318338988239578
NZ_CP029743.1,0.0001570329058039
NZ_CP029802.1,0.0001437915769858
NZ_CP030077.1,0.4347205332468765
NZ_CP030132.1,0.0004741914167529
NZ_CP030304.1,0.9914323572794156
NZ_CP030720.1,0.001751375845615
NZ_CP030727.1,0.0022564163861733
NZ_CP030736.1,0.0026447399606375
NZ_CP030744.1,0.001751375845615
NZ_CP031106.1,0.7811946811278433
NZ_CP031122.1,0.6218257761338545
NZ_CP031297.1,0.3688399220438502
NZ_CP031362.1,3.1310362605280305e-05
NZ_CP031549.1,0.0200339328925835
NZ_CP031570.1,0.991684379403298
NZ_CP031573.1,0.9935665495284928
NZ_CP031576.1,0.9839841374726132
NZ_CP031584.1,0.9945605138481306
NZ_CP031610.1,0.9790918784339268
NZ_CP031802.1,0.0004704493471344
NZ_CP032168.1,0.9946989326293002
NZ_CP032192.1,0.6679609243264246
NZ_CP032238.1,0.9602884708676022
NZ_CP032380.1,0.0002163653889705
NZ_CP032385.1,9.8750411822567e-05
NZ_CP032388.1,4.033919010702083e-05
NZ_CP032391.1,0.9513949285836788
NZ_CP032395.1,3.0692429307162374e-05
NZ_CP032397.1,3.486597956270646e-05
NZ_CP032414.1,0.9554630381458002
NZ_CP032448.1,0.0016347658168194
NZ_CP032450.1,4.5303000645620665e-05
NZ_CP032491.1,0.0002907330412546
NZ_CP032496.1,0.0003170791461424
NZ_CP033514.1,0.0113998892703149
NZ_CP034402.1,0.0001101429150657
NZ_CP035548.1,7.872857768142842e-05
NZ_CP035669.1,0.0002836696443428
NZ_CP036192.1,0.006890274595613
NZ_CP038322.1,0.4136576735478531
NZ_CP038326.1,0.5694807158482531
NZ_CP038330.1,0.0010680985394664
NZ_CP038464.1,0.9984156315266328
NZ_CP038466.1,0.9988332895315438
NZ_CP039562.1,8.120186551074905e-05
NZ_CP040024.1,0.9952971417338652
NZ_CP040029.1,0.9997634212495052
NZ_CP040034.1,0.9955013325752872
NZ_CP040039.1,0.953159604155381
NZ_CP040068.1,0.0025567103593042
NZ_CP040171.1,0.1340943357719751
NZ_CP040884.1,0.9969774458140738
NZ_CP041027.1,5.079877846657242e-05
NZ_CP041083.1,0.1995734795971378
NZ_CP041103.1,0.0037290705880477
NZ_CP041172.1,0.0001275021846256
NZ_CP041209.1,0.9977684152046992
NZ_CP041641.1,0.0358301617917406
NZ_CP043190.1,0.9973275551089436
NZ_CP043192.1,0.9966006273517656
NZ_CP043215.1,0.9958045322846204
NZ_CP043904.1,0.0001411079021908
NZ_CP044075.1,0.0024147881942001
NZ_CP044142.1,0.9937458342432314
NZ_CP044189.1,0.0692906389661677
NZ_CP044962.1,0.000128812139946
NZ_CP045016.1,0.0013440172142898
NZ_CP045459.1,0.0002231806013521
NZ_CP045462.1,0.0003491014606164
NZ_CP045467.1,4.460812033792245e-05
NZ_CP045510.1,0.0003431337599013
NZ_CP045517.1,0.0019222636927261
NZ_CP045520.1,8.89990686914345e-05
NZ_CP045742.1,2.9972043186421247e-05
NZ_CP045953.1,2.407400387628225e-05
NZ_CP046506.1,0.0002666644416031
NZ_CP046773.1,0.0279635850730615
NZ_CP047128.1,0.0001551222961265
NZ_CP047270.1,2.2966271627352348e-05
NZ_CP047272.1,2.289527021072552e-05
NZ_CP047274.1,1.8017241190372657e-05
NZ_CP047276.1,1.7540776127511107e-05
NZ_CP047278.1,2.4393562156379367e-05
NZ_CP047280.1,1.3616215990420824e-05
NZ_CP047282.1,6.4877720752185e-05
NZ_CP047308.1,0.9933991270307284
NZ_CP047345.1,0.0013155908990243
NZ_CP047350.1,0.0006424110323454
NZ_CP047353.1,0.0010679435683745
NZ_CP047421.1,0.0483072990573986
NZ_CP047703.1,0.0432862188375517
NZ_CP048305.1,0.0230965549376359
NZ_CP048384.1,0.0454735311279392
NZ_CP048797.1,0.3156588255037026
NZ_CP049111.1,7.6978590688979e-05
NZ_CP049113.1,0.9841015627488324
NZ_CP049291.1,5.601111691665843e-05
NZ_CP049969.1,0.0015647715143192
NZ_CP050162.1,8.690649518575579e-05
NZ_CP050164.1,0.9996124454029696
NZ_CP050727.1,5.047012431931771e-05
NZ_CP050732.1,2.355177308786049e-05
NZ_CP050832.1,3.4613114408391115e-05
NZ_CP051308.1,0.0184600803648457
NZ_CP051316.1,0.3726215558199548
NZ_CP051319.1,0.8741507662489642
NZ_CP051357.1,0.9840427074562722
NZ_CP051360.1,0.1490146473751409
NZ_CP051373.1,0.007244938541599
NZ_CP051387.1,0.0225319882423389
NZ_CP051395.1,0.1843357259766496
NZ_CP051397.1,0.0025594718802821
NZ_CP051400.1,0.0001840787773612
NZ_CP051403.1,0.0006741787370913
NZ_CP051426.1,0.0010270992970578
NZ_CP053105.1,0.0004736550055579
NZ_CP053192.1,0.0011693778814166
NZ_CP053365.1,2.35417645139123e-05
NZ_CP053663.1,2.134608022660404e-05
NZ_CP053670.1,0.8256597557235007
NZ_CP053782.1,0.0005899148197374
NZ_CP053812.1,6.363708338778654e-05
NZ_CP053815.1,0.0001934016038412
NZ_CP054305.1,0.0002191722278265
NZ_CP054399.1,0.9984819632324676
NZ_CP054402.1,0.9981185031067852
NZ_CP054405.1,0.9962622250806684
NZ_CP054408.1,0.9962622250806684
NZ_CP055249.1,0.0090783702964007
NZ_CP060509.1,5.454447856745908e-05
NZ_CP060954.1,0.8864492975839459
NZ_CP061407.1,0.0016522625705009
NZ_CP061931.1,0.0031310349388115
NZ_CP063295.1,0.0270474658953205
NZ_CP065079.1,0.0004264443467545
NZ_CP065085.1,0.0008495090330198
NZ_CP065088.1,0.0011747597493918
NZ_CP065118.1,0.9995164653167368
NZ_CP065439.1,0.0012257820993671
NZ_CP065443.1,0.0211072248262076
NZ_CP065446.1,0.0013284655255341
NZ_CP065451.1,0.9298329267785532
NZ_CP065454.1,0.9993167688051654
NZ_CP065463.1,0.0006537553299173
NZ_CP065465.1,0.000923321637505
NZ_CP066542.1,0.0016090236952883
NZ_CP066808.1,0.9042566316877898
NZ_CP068573.1,0.0115496203283393
NZ_CP070541.1,0.0001348838133263
NZ_CP070545.1,2.216674102299937e-05
NZ_CP070557.1,0.0004414663808929
NZ_CP070578.1,0.0003079284609025
NZ_CP070596.1,0.0002307500615285
NZ_CP070971.1,0.0001880854073139
NZ_CP071026.1,0.0022746716935985
NZ_CP071069.1,0.0005042981188512
NZ_CP071071.1,0.5601350238554731
NZ_CP071074.1,0.7038634089610097
NZ_CP071087.1,8.874627386067923e-05
NZ_CP076009.1,0.02745870324281
NZ_CP076553.1,0.0146579501418447
NZ_CP077964.1,0.0014827241143793
NZ_CP079116.1,0.0001130156717799
NZ_CP079173.1,0.0001405539438172
NZ_CP079618.1,0.001779718734819
NZ_CP079626.1,0.0010266233774857
NZ_CP079631.1,0.0008827881712713
NZ_CP079646.1,0.0003152522666072
NZ_CP079656.1,0.00296519446793
NZ_CP079693.1,0.0022271757750567
NZ_CP079808.1,0.0083216836146694
NZ_CP080264.1,0.0612961714614284
NZ_CP080423.1,1.8812908475102518e-05
NZ_CP080424.1,1.654514893581697e-05
NZ_CP080425.1,1.86772323263292e-05
NZ_CP080426.1,1.898986614886334e-05
NZ_CP080427.1,1.781816746405458e-05
NZ_CP080428.1,2.279940493143869e-05
NZ_CP080515.1,5.307232842495051e-05
NZ_CP080541.1,0.0625393113024693
NZ_CP082173.1,0.995104223493994
NZ_CP082956.1,0.7847022623661076
NZ_CP082989.1,0.0065055485596779
NZ_CP084417.1,0.0009366234344228
NZ_CP084543.1,0.0010645005067958
NZ_CP085731.1,3.5611652986781286e-05
NZ_CP086224.1,0.0020030221508715
NZ_CP086417.1,0.0041552432000082
NZ_CP086424.1,0.0014428930791524
NZ_CP086432.1,0.0027685140542679
NZ_CP086440.1,0.0019223412705444
NZ_CP086448.1,0.3804978036467981
NZ_CP086666.1,0.0020457111407192
NZ_CP087274.1,0.9939286107494972
NZ_CP087671.1,0.9956534473586562
NZ_CP089019.1,0.9771895231026
NZ_CP089438.1,0.0001235364216564
NZ_CP089604.1,0.0674476910290266
NZ_CP089878.1,3.1212457987981454e-05
NZ_CP090205.1,0.4577095915281453
NZ_CP090430.1,0.0022957333333505
NZ_CP091867.1,4.361203139199783e-05
NZ_CP091869.1,1.6727247760774737e-05
NZ_CP092067.1,6.708844962530944e-05
NZ_CP093318.1,0.00443550116913
NZ_CP094993.1,0.003031739621589
NZ_CP095164.1,0.000750841317146
NZ_CP095567.1,0.0016502156620482
NZ_CP095570.1,1.3640108279208308e-05
NZ_CP095572.1,7.838975379850526e-05
NZ_CP095588.1,1.5430026414195365e-05
NZ_CP095591.1,4.74529409209662e-05
NZ_CP095592.1,2.2706426156264573e-05
NZ_CP095593.1,1.8148468661247827e-05
NZ_CP095597.1,0.0040019992467206
NZ_CP095599.1,0.0002537635932925
NZ_CP095603.1,0.0098951772414401
NZ_CP095609.1,0.0010985852021191
NZ_CP095620.1,0.0002754924593776
NZ_CP095658.1,0.0013139355449294
NZ_CP095676.1,2.0740501445682247e-05
NZ_CP095763.1,0.1247864182081164
NZ_CP095777.1,1.3632943412208811e-05
NZ_CP095781.1,1.5335097417716734e-05
NZ_CP096164.1,0.3208731726692669
NZ_CP096167.1,0.0272115339362028
NZ_CP096170.1,0.1639552963257312
NZ_CP096180.1,0.0010982130800904
NZ_CP096303.1,0.0002289438864745
NZ_CP096314.1,0.0001010646671891
NZ_CP096319.1,8.71980377400836e-05
NZ_CP096321.1,0.999785405627107
NZ_CP096324.1,0.9996244044692776
NZ_CP096327.1,0.999800329380524
NZ_CP096329.1,0.9997462797168508
NZ_CP096331.1,0.999785405627107
NZ_CP096333.1,3.079427156951318e-05
NZ_CP096336.1,3.019345627219609e-05
NZ_CP096344.1,0.0010013599326791
NZ_CP096347.1,0.0008237900169103
NZ_CP096355.1,0.0019854694586568
NZ_CP096363.1,9.790150080721105e-05
NZ_CP096365.1,1.657449575080487e-05
NZ_CP096368.1,0.955754607682882
NZ_CP096375.1,0.0025367536144479
NZ_CP097381.1,0.997430883932971
NZ_CP097667.1,0.8773023462709201
NZ_CP097701.1,0.007752377706499
NZ_CP098334.1,0.5625796849037775
NZ_CP098372.1,0.0003832594557471
NZ_CP098375.1,0.0013424285112792
NZ_CP099747.1,0.9965262190380224
NZ_CP099750.1,0.9953084261271664
NZ_CP099753.1,0.9953084261271664
NZ_CP099755.1,0.9953304190550212
NZ_CP100354.1,0.0001838208290764
NZ_CP100424.1,0.0050879940165593
NZ_CP100703.1,0.0002034732324859
NZ_CP100733.1,0.2080138610231822
NZ_CP100740.1,0.047802990586887
NZ_CP101380.1,2.5974056706471464e-05
NZ_CP101857.1,0.0233109910943439
NZ_CP101908.1,0.9948170896207348
NZ_CP101941.1,0.9974907118126064
NZ_CP102989.1,0.0222311664071456
NZ_CP103514.1,0.0420957526698327
NZ_CP103711.1,0.002078647771176
NZ_CP104113.1,0.0052204377506394
NZ_CP104115.1,0.0057244127999266
NZ_CP104606.1,0.1269009271116704
NZ_CP104637.1,0.9455833906530532
NZ_CP104682.1,0.102301320802295
NZ_CP104722.1,0.0044851409507013
NZ_CP104842.1,0.9631715480167988
NZ_CP104923.1,0.9934440506738962
NZ_CP104926.1,0.1269009271116704
NZ_CP106909.1,0.0021807410359575
NZ_CP106914.1,0.0087019960363555
NZ_CP107062.1,0.999675441039552
NZ_CP109734.1,0.9970929625466488
NZ_CP109746.1,0.422584077987871
NZ_CP109964.1,1.6778905150218603e-05
NZ_CP110518.1,0.0078946918479286
NZ_CP110527.1,0.0020659113228428
NZ_CP110892.1,6.602198545937896e-05
NZ_CP110899.1,0.0006349648630248
NZ_CP110913.1,0.0013022943552589
NZ_CP110969.1,0.0036477812848014
NZ_CP114162.1,0.998923793093752
NZ_CP114166.1,0.9993492996921524
NZ_CP114170.1,0.9993492996921524
NZ_CP114306.1,0.0016884066185768
NZ_CP114314.1,0.999095971042842
NZ_CP114318.1,0.9988799578759188
NZ_CP114322.1,0.9992777904872198
NZ_CP114326.1,0.999095971042842
NZ_CP114330.1,0.9992777904872198
NZ_CP114334.1,0.9992870457482654
NZ_CP114356.1,0.8949182862391579
NZ_CP114363.1,0.9975189231637194
NZ_CP114566.1,0.7933391409932623
NZ_CP114797.1,0.0223673602822185
NZ_CP114802.1,0.0098662162788437
NZ_CP115010.1,0.001476839140459
NZ_CP115016.1,0.0005889201768713
NZ_CP115616.1,0.9886808786425622
NZ_CP115724.1,4.490532632471741e-05
NZ_CP115823.1,0.085281322759175
NZ_CP117189.1,0.0011767031266136
NZ_CP117223.1,0.9932334108765506
NZ_CP117337.1,2.1480774262906547e-05
NZ_CP117339.1,0.9989630368670576
NZ_CP117341.1,0.0001006618783913
NZ_CP117344.1,0.0006075139352416
NZ_CP117347.1,2.0013781500813627e-05
NZ_CP117349.1,8.12102011311502e-05
NZ_CP117352.1,0.0001677254574441
NZ_CP117355.1,0.0001076100970114
NZ_CP117360.1,0.0002475071632464
NZ_CP117363.1,0.0043555166513217
NZ_CP117366.1,0.9992093971696626
NZ_CP117368.1,0.0006416368659858
NZ_CP117372.1,0.0004007375367354
NZ_CP117374.1,0.083319405075868
NZ_CP117377.1,0.0006280924445814
NZ_CP117379.1,0.0001851635125702
NZ_CP117381.1,0.0005239275009724
NZ_CP117383.1,0.0003155782700097
NZ_CP117385.1,0.0002745012550632
NZ_CP117387.1,0.0020155389607155
NZ_CP117389.1,0.000705682510342
NZ_CP117391.1,0.0013279924436784
NZ_CP117395.1,0.0002745012550632
NZ_CP117397.1,0.0002570369856428
NZ_CP117399.1,0.9897781525011304
NZ_CP117401.1,0.9862864454098704
NZ_CP117732.1,0.0550201857247404
NZ_CP118945.1,0.0008728852019595
NZ_CP119121.1,0.3741546407598036
NZ_CP119541.1,0.0003033007140161
NZ_CP119547.1,0.0212704494307612
NZ_CP119553.1,0.0005691649410528
NZ_CP120532.1,0.0623127727365267
NZ_CP122569.1,0.998350349080727
NZ_CP122581.1,0.99955921763285
NZ_CP125112.1,5.164071359985055e-05
NZ_CP126179.1,2.427811874422894e-05
NZ_CP126537.1,3.5027774000400605e-05
NZ_CP126793.1,0.4546799682274631
NZ_CP126851.1,0.0008907629435299
NZ_CP127506.1,0.0134991084366825
NZ_CP129498.1,1.8790066281436263e-05
NZ_CP129693.1,0.0358337482921979
NZ_CP129708.1,0.0024531377773322
NZ_CP129712.1,0.0011287004401048
NZ_CP129719.1,0.996575536939624
NZ_CP129722.1,0.9992030997273164
NZ_CP129729.1,0.9983728183975378
NZ_CP129738.1,0.9988332792927084
NZ_CP129741.1,0.0010646889447423
NZ_CP129746.1,0.0105227776492405
NZ_CP129752.1,0.0006623747790186
NZ_CP129760.1,0.9988332792927084
NZ_CP129765.1,9.088962052782796e-05
NZ_CP129772.1,0.0001881641197788
NZ_CP129778.1,0.9995836244880224
NZ_CP129782.1,0.9997854629314408
NZ_CP129787.1,0.99916326945835
NZ_CP129793.1,0.0004982838601366
NZ_CP129795.1,0.0012345873287831
NZ_CP129801.1,0.0005324394131809
NZ_CP129805.1,0.9968081853363744
NZ_CP129811.1,0.0007300862479831
NZ_CP129815.1,0.0009980471330496
NZ_CP129826.1,4.646108920350112e-05
NZ_CP129834.1,5.383481392247625e-05
NZ_CP129842.1,0.0014827172612998
NZ_CP129851.1,0.001588293469342
NZ_CP129872.1,1.9952581704615027e-05
NZ_CP131675.1,1.4929903742278754e-05
NZ_CP131681.1,0.9986625340560588
NZ_CP131692.1,0.0050337233180423
NZ_CP131702.1,0.9978798639623168
NZ_CP131908.1,0.999469283640983
NZ_CP132611.1,0.9996124454029696
NZ_CP132656.1,0.0007149674685109
NZ_CP132696.1,0.9618377348830536
NZ_CP132706.1,0.0983174534700753
NZ_CP132712.1,0.0025722199732404
NZ_CP132717.1,0.0117718958917617
NZ_CP133339.1,0.0121994532486555
NZ_CP133877.1,0.9996228602698752
NZ_CP133884.1,0.9952916749652618
NZ_CP134000.1,0.9810278755432894
NZ_CP134037.1,0.9785808572982172
NZ_CP134042.1,0.026535189045883
NZ_CP134059.1,0.4578659896111511
NZ_CP134785.1,0.0016686096908496
NZ_CP135624.1,2.4468004367108983e-05
NZ_CP135682.1,0.0666148893912567
NZ_CP136049.1,0.0120959201800319
NZ_CP136941.1,0.5232279061865855
NZ_CP137132.1,4.657386466603725e-05
NZ_CP137204.1,0.8583994318987983
NZ_CP137231.1,0.7657591269724144
NZ_CP137370.1,0.940404730335064
NZ_CP137921.1,0.9981872739035528
NZ_CP138306.1,0.0384779430989799
NZ_CP138308.1,0.8794172335045639
NZ_CP138530.1,0.9977959017287956
NZ_CP138702.1,0.000727074562339
NZ_CP139431.1,0.5702494486300924
NZ_CP139498.1,0.0024213758736675
NZ_CP141561.1,0.8855478232733779
NZ_CP141593.1,0.0005219208533669
NZ_CP142096.1,0.9942005893747566
NZ_CP142384.1,0.0066012149532187
NZ_CP142989.1,0.998184232937119
NZ_CP144127.1,0.0388086954125874
NZ_CP144317.1,0.8738274425775606
NZ_CP144507.1,0.0018722855570751
NZ_CP144511.1,0.0007885618119969
NZ_CP146088.1,0.912851783390208
NZ_CP146657.1,9.444713361762646e-05
NZ_CP146661.1,0.1756499958371173
NZ_CP149295.1,1.9497986967162786e-05
NZ_CP149581.1,0.0006178029813824
NZ_CP149999.1,0.0038027101893315
NZ_CP151089.1,0.0987069142904031
NZ_CP151205.1,0.0027851906695166
NZ_CP155645.1,0.6421112760803025
NZ_CP155673.1,0.0806900630144806
NZ_CP156714.1,0.0016655517032236
NZ_CP156717.1,2.181565624877994e-05
NZ_CP157154.1,0.0010706107569921
NZ_CP157163.1,0.5293111524363766
NZ_HQ023864.1,0.9985590062385774
NZ_KC999035.1,0.0666327694535548
NZ_KJ187752.1,2.96903309701622e-05
NZ_KJ588779.1,0.9844614964284528
NZ_KJ802404.1,0.001296568603516
NZ_KJ802405.1,0.9788491812620136
NZ_KJ909290.1,0.9758061979070122
NZ_KM083064.1,0.0099329808455214
NZ_KM670336.1,0.2788781342085116
NZ_KP056256.1,0.0001721016566596
NZ_KP276584.1,0.0357251278569733
NZ_KP345882.1,0.001297510811046
NZ_KP742988.1,0.1789190663058297
NZ_KP975074.1,0.0825481818786806
NZ_KR091911.1,0.0008065475045932
NZ_KR559888.1,0.0009704537408807
NZ_KR559889.1,0.000696955782167
NZ_KR559890.1,0.9335307620273032
NZ_KT935446.1,4.56501519018107e-05
NZ_KT997783.1,0.0101039311550961
NZ_KU302801.1,0.0001521210979418
NZ_KU302802.1,0.0001070027458574
NZ_KU356480.1,4.731760934829019e-05
NZ_KU726616.1,0.9844928825259948
NZ_KU997026.1,0.0166476245388799
NZ_KX029331.1,0.0295441302135707
NZ_KX147633.1,0.0031157630212803
NZ_KX156772.1,0.8743001935376138
NZ_KX156773.1,0.1087449179797654
NZ_KX458222.1,0.0215923351620923
NZ_KX636095.1,1.3078882944653036e-05
NZ_KX709966.1,0.1561636996739835
NZ_KX786648.1,0.9970066713724594
NZ_KX815983.1,1.809933332875459e-05
NZ_KX869741.1,0.0150482494195362
NZ_KY014464.1,0.0290889684006089
NZ_KY014465.1,0.0143345347110487
NZ_KY014466.1,0.0436639534371146
NZ_KY399978.1,0.0072951770253712
NZ_KY887590.1,0.000284866017264
NZ_KY887591.1,0.0003370079859257
NZ_KY887592.1,0.0028853779831131
NZ_KY887593.1,0.0789705348909052
NZ_KY887594.1,0.0060019060742207
NZ_KY887595.1,0.0010801135926208
NZ_KY887596.1,0.3816027593771258
NZ_KY986974.1,0.0007187546318018
NZ_LC055503.1,0.0089120927341612
NZ_LC225353.1,0.0024764503221034
NZ_LC507075.1,8.590432653379384e-05
NZ_LC536681.1,0.5545448988214927
NZ_LC536682.1,0.5479856085712604
NZ_LC556210.1,0.000645489479111
NZ_LC556211.1,1.588903070583406e-05
NZ_LC556212.1,0.907357090660762
NZ_LC556213.1,0.8282987026169139
NZ_LN681228.1,0.0001142332035664
NZ_LN831184.1,8.56463951990226e-05
NZ_LN831185.1,0.0954240740689549
NZ_LR822055.1,0.0755880768421796
NZ_LR822057.1,7.669866409051786e-05
NZ_LR822059.1,0.0001245151337673
NZ_LR890256.1,0.0003073865766814
NZ_LR890428.1,0.0003073865766814
NZ_LR890502.1,0.0004649119366664
NZ_LR890548.1,0.0002425679992664
NZ_LR890658.1,0.0122655871085981
NZ_LR890704.1,0.0004704493471344
NZ_LS992184.1,3.830294727518729e-05
NZ_LT882698.1,0.0004963344703601
NZ_LT882699.1,0.0006669501411087
NZ_LT985218.1,0.0151217018717359
NZ_LT985220.1,0.9832836120328456
NZ_LT985222.1,0.8318881122089662
NZ_LT985224.1,0.5792119009123466
NZ_LT985225.1,0.0052563891506732
NZ_LT985228.1,0.0051156149928212
NZ_LT985243.1,0.0059799249516759
NZ_LT985244.1,0.0090176070465614
NZ_LT985249.1,0.001823004822017
NZ_LT985250.1,0.0891248380267555
NZ_LT985253.1,0.001322248901316
NZ_LT985258.1,0.0058033273464431
NZ_LT985260.1,0.0315720203574786
NZ_MF072965.1,0.0042527960911104
NZ_MF150118.1,0.9995840873818655
NZ_MF150121.1,0.9770820631935708
NZ_MF150123.1,0.9965117356982154
NZ_MF344572.1,0.0001295201706353
NZ_MF344573.1,0.9914323572794156
NZ_MF344574.1,0.0033721071429456
NZ_MF497432.1,0.0080321486242723
NZ_MF582638.1,0.0069394268427572
NZ_MF627444.1,0.0201116448148692
NZ_MF627445.1,0.0181185227407938
NZ_MG252895.1,2.59162052308016e-05
NZ_MG450360.1,0.0064923350269143
NZ_MG764534.1,0.7009383200755535
NZ_MG764552.1,0.0009158093630256
NZ_MH001166.1,0.2501983267420813
NZ_MH011352.1,0.0015302300440298
NZ_MH061195.1,0.1748313611382298
NZ_MH105050.1,0.0105012485912026
NZ_MH113855.1,0.5325374109713564
NZ_MH263652.1,0.9820514291618464
NZ_MH457126.1,0.8705258509371147
NZ_MH475146.1,0.1643859315314863
NZ_MH476540.1,0.0001154682516413
NZ_MH760469.1,7.825074452947169e-05
NZ_MH763829.1,0.0011198924519315
NZ_MH844629.1,0.9615772615688832
NZ_MH892479.1,0.0599112719824251
NZ_MH909327.1,0.0001829402976878
NZ_MH917284.1,0.000435443691705
NZ_MH917285.1,0.0003762412621828
NZ_MH995506.1,0.9995616709319662
NZ_MH995507.1,0.9995651704448966
NZ_MH995508.1,0.999665536144438
NZ_MK033499.1,9.553423883746404e-05
NZ_MK041212.1,0.9993266737876916
NZ_MK101346.1,0.5109644514636805
NZ_MK123267.1,0.9995616709319662
NZ_MK123268.1,0.9982958201267024
NZ_MK205416.1,0.0002610445593952
NZ_MK205417.1,0.0005969582242971
NZ_MK205418.1,0.0059324465733203
NZ_MK388209.1,0.0002265416374327
NZ_MK439959.1,8.967550545036205e-05
NZ_MK638972.1,0.9342025954702824
NZ_MK733575.1,0.1334954824789319
NZ_MK770642.1,0.0017978186029863
NZ_MN065773.1,0.7256315100457003
NZ_MN101850.1,6.219411582223324e-05
NZ_MN101853.1,0.9700378497486712
NZ_MN148427.1,0.9958905141985254
NZ_MN175387.1,0.6165258640379433
NZ_MN207908.1,0.0619355619891031
NZ_MN254970.1,0.7965430363193884
NZ_MN310369.1,0.0221688304319734
NZ_MN310370.1,0.3627975983205599
NZ_MN310375.1,0.6925477751586846
NZ_MN310377.1,0.0512302953723649
NZ_MN310378.1,0.0150439358342403
NZ_MN380474.1,0.0143623906303789
NZ_MN477204.1,0.0010135369332838
NZ_MN550958.1,0.0170062254000119
NZ_MN603981.1,0.7051075694213014
NZ_MN604267.1,0.0005019035625904
NZ_MN604268.1,0.130195291264711
NZ_MN647787.1,0.0035068864255363
NZ_MN647788.1,2.161054884498633e-05
NZ_MN647789.1,5.823155512040875e-05
NZ_MN823987.1,9.627880470524908e-05
NZ_MT151380.1,0.001326683619173
NZ_MT219816.1,0.0001003661456693
NZ_MT316183.1,0.0235166380604944
NZ_MT316184.1,0.2544148756571743
NZ_MT320534.1,0.8970462587278758
NZ_MT551208.1,0.9625482449553394
NZ_MT559985.1,4.83503390211849e-05
NZ_MT559986.1,0.9978714626211368
NZ_MT559987.1,0.015428349274367
NZ_MT559988.1,0.0403149320816018
NZ_MT559989.1,8.214784134300778e-05
NZ_MT559990.1,0.0029969343744875
NZ_MT559991.1,0.8986807150466563
NZ_MT559992.1,0.020640140707479
NZ_MT559993.1,0.0010256036625906
NZ_MT559994.1,0.986625358437218
NZ_MT559995.1,0.0104949978775068
NZ_MT559996.1,0.0037447401336227
NZ_MT559997.1,0.9552033516805551
NZ_MT559998.1,0.0006638907507075
NZ_MT559999.1,0.0042501177073505
NZ_MT560000.1,0.0009367814360875
NZ_MT560001.1,0.0070383532399131
NZ_MT560002.1,0.9972230707245988
NZ_MT560003.1,0.0001646312343954
NZ_MT682138.1,0.0018717428956518
NZ_MT720905.1,0.0324909532282831
NZ_MT810375.1,0.0001157112255935
NZ_MT816498.1,0.132363645460818
NZ_MT859309.1,0.0197063612032803
NZ_MW363918.1,0.8226325024386656
NZ_MW464182.1,0.8627262238990434
NZ_MW540821.1,0.0001814768150575
NZ_MZ465528.1,0.0044952614401836
NZ_MZ465529.1,0.0089043221576328
NZ_MZ465532.1,0.0103664167429836
NZ_MZ465533.1,5.2909164841573074e-05
NZ_MZ475694.1,6.85980633062492e-05
NZ_MZ475700.1,9.385048894106308e-05
NZ_MZ475707.1,0.0031134168226531
NZ_MZ546616.1,0.9874577080453538
NZ_MZ606383.1,0.9942578258348356
NZ_MZ606384.2,0.997112663543848
NZ_MZ670000.1,0.4109084659740015
NZ_MZ836796.1,0.0002171091024631
NZ_MZ836799.1,0.000707295274708
NZ_MZ836805.1,0.5614913912737407
NZ_MZ836809.1,0.7140051918610275
NZ_OK067239.1,0.9959424995501122
NZ_OK146920.1,3.131858340240164e-05
NZ_OK500123.1,0.9994980437143198
NZ_OL348378.1,0.9952197215310056
NZ_OL348380.1,7.319373867216548e-05
NZ_OL389795.1,0.9981245078243992
NZ_OL804390.1,4.668780470174188e-05
NZ_OL908906.1,2.6357806432888968e-05
NZ_OL988825.1,3.818156614226876e-05
NZ_OM975890.1,0.0002116052902849
NZ_ON023483.1,0.9987273994789988
NZ_ON209151.1,0.0010018942751193
NZ_ON209152.1,0.9964819879076902
NZ_ON209153.1,0.9978817986974062
NZ_ON209154.1,0.9967063456771846
NZ_ON390809.1,0.0408113586915707
NZ_ON390810.1,0.0076842854827401
NZ_ON391944.1,0.1639552963257312
NZ_ON925022.1,0.0066319180171719
NZ_ON934555.1,0.0648761770103041
NZ_OP378640.1,0.8978255176510153
NZ_OP905631.1,0.0004965522038003
NZ_OQ338157.1,0.993722651203286
NZ_OQ362291.1,5.419888860830556e-05
NZ_OQ420468.1,8.32360570409284e-05
NZ_OQ622007.1,0.0090023148115905
NZ_OQ622009.1,5.5411046802704855e-05
NZ_OQ622010.1,0.1384709621345493
NZ_OQ658820.1,3.251430224901531e-05
NZ_OQ658822.1,0.0047328773208881
NZ_OQ750828.1,0.9942005893747566
NZ_OQ821021.1,0.3861189005219219
NZ_OQ821144.1,0.0093960947931474
NZ_OQ821155.1,0.0029026075546073
NZ_OQ821169.1,0.136514531589408
NZ_OR041626.1,0.0671998721189248
NZ_OR041627.1,6.393717626751649e-05
NZ_OR041628.1,6.555122068861225e-05
NZ_OR041629.1,0.0001213432293925
NZ_OR095745.1,0.0194584251431524
NZ_OR253888.1,6.846950202267812e-05
NZ_OR257470.1,0.000232976289156
NZ_OR257472.1,2.7570040240928267e-05
NZ_OR257474.1,3.069228232687657e-05
NZ_OR497351.1,3.903667987946028e-05
NZ_OU015324.1,5.848811099361861e-05
NZ_OU015341.1,2.401935281463013e-05
NZ_OW443149.1,0.0290635756076966
NZ_OX461118.1,0.0001129944773628
NZ_OY979118.1,6.15050614114817e-05
NZ_OY979224.1,2.900718634591542e-05
OV141395.1,8.45271373228915e-05
