plasmid_accession,host_genus,cross_genus_transfer,cross_family_label,cross_order_label,cross_class_label,maximum_rank_code,maximum_rank_crossed,strongest_partner_accession,strongest_partner_genus,qualifying_partner_count,cross_genus_partner_count,cross_family_partner_count,cross_order_partner_count,cross_family_partner_in_final_count,cross_family_partner_outside_final_count,cross_order_partner_in_final_count,cross_order_partner_outside_final_count,unresolved_partner_count
NZ_ON209154.1,Enterobacter,1,1,1,0,3,order,NZ_OK067239.1,Vibrio,8,5,3,1,3,0,1,0,0
NZ_CP095676.1,Providencia,0,0,0,0,0,none,,,3,0,0,0,0,0,0,0,0
NZ_MF072965.1,Citrobacter,0,0,0,0,0,none,,,0,0,0,0,0,0,0,0,0
NZ_CP039562.1,Salmonella,0,0,0,0,0,none,,,4,0,0,0,0,0,0,0,0
NZ_AP018672.1,Klebsiella,0,0,0,0,0,none,,,6,0,0,0,0,0,0,0,0
NZ_CP030744.1,Klebsiella,0,0,0,0,0,none,,,7,0,0,0,0,0,0,0,0
NZ_CP117360.1,Salmonella,0,0,0,0,0,none,,,7,0,0,0,0,0,0,0,0
NZ_CP029123.1,Escherichia,0,0,0,0,0,none,,,0,0,0,0,0,0,0,0,0
NZ_CP009562.1,Salmonella,1,0,0,0,1,genus,NZ_CP135682.1,Escherichia,7,2,0,0,0,0,0,0,0
CP137451.1,Klebsiella,1,1,0,0,2,family,CP136911.1,Hafnia,6,3,2,0,2,0,0,0,0
NZ_CP117401.1,Salmonella,1,0,0,0,1,genus,NZ_RROP01000109.1,Escherichia,5,1,0,0,0,0,0,0,0
NZ_CP006661.1,Klebsiella,1,1,0,0,2,family,NZ_CP096321.1,Providencia,32,17,7,0,7,0,0,0,0
NZ_MT559989.1,Escherichia,0,0,0,0,0,none,,,0,0,0,0,0,0,0,0,0
NZ_CP125112.1,Klebsiella,0,0,0,0,0,none,,,0,0,0,0,0,0,0,0,0
NZ_MZ836809.1,Klebsiella,0,0,0,0,0,none,,,0,0,0,0,0,0,0,0,0
NZ_CP137204.1,Citrobacter,1,1,0,0,2,family,NZ_CP137231.1,Proteus,15,15,6,0,6,0,0,0,0
NZ_CP025242.1,Salmonella,0,0,0,0,0,none,,,0,0,0,0,0,0,0,0,0
NZ_CP096314.1,Providencia,0,0,0,0,0,none,,,2,0,0,0,0,0,0,0,0
NZ_CP141593.1,Escherichia,0,0,0,0,0,none,,,0,0,0,0,0,0,0,0,0
NZ_MN604268.1,Escherichia,0,0,0,0,0,none,,,1,0,0,0,0,0,0,0,0
NZ_KY887594.1,Klebsiella,0,0,0,0,0,none,,,0,0,0,0,0,0,0,0,0
NC_019045.2,Escherichia,0,0,0,0,0,none,,,2,0,0,0,0,0,0,0,0
NZ_CP003998.1,Klebsiella,0,0,0,0,0,none,,,0,0,0,0,0,0,0,0,0
NZ_AP022514.1,Citrobacter,0,0,0,0,0,none,,,3,0,0,0,0,0,0,0,0
CP082679.1,Salmonella,0,0,0,0,0,none,,,0,0,0,0,0,0,0,0,0
NZ_CP082173.1,Raoultella,1,1,1,0,3,order,NZ_OK067239.1,Vibrio,8,8,3,1,3,0,1,0,0
LC744514.1,Escherichia,0,0,0,0,0,none,,,0,0,0,0,0,0,0,0,0
NZ_OL389795.1,Klebsiella,1,1,0,0,2,family,NZ_CP096321.1,Providencia,34,20,9,0,9,0,0,0,0
NZ_CP146657.1,Escherichia,0,0,0,0,0,none,,,0,0,0,0,0,0,0,0,0
NZ_CP043190.1,Escherichia,1,0,0,0,1,genus,NZ_CP043215.1,Salmonella,5,4,0,0,0,0,0,0,0
NZ_CP065088.1,Salmonella,0,0,0,0,0,none,,,9,0,0,0,0,0,0,0,0
NZ_CP117349.1,Salmonella,0,0,0,0,0,none,,,1,0,0,0,0,0,0,0,0
NZ_MH760469.1,Salmonella,0,0,0,0,0,none,,,1,0,0,0,0,0,0,0,0
CP082545.1,Salmonella,0,0,0,0,0,none,,,2,0,0,0,0,0,0,0,0
NZ_MT559995.1,Escherichia,0,0,0,0,0,none,,,0,0,0,0,0,0,0,0,0
NZ_CP017084.1,Proteus,1,1,0,0,2,family,NZ_CP170977.1,Klebsiella,2,2,1,0,0,1,0,0,0
NZ_CP020524.1,Escherichia,0,0,0,0,0,none,,,0,0,0,0,0,0,0,0,0
NZ_CP045467.1,Salmonella,0,0,0,0,0,none,,,0,0,0,0,0,0,0,0,0
NZ_CP029730.1,Citrobacter,0,0,0,0,0,none,,,0,0,0,0,0,0,0,0,0
NZ_MT560000.1,Klebsiella,0,0,0,0,0,none,,,0,0,0,0,0,0,0,0,0
NZ_CP029737.1,Providencia,0,0,0,0,0,none,,,0,0,0,0,0,0,0,0,0
NZ_CP080426.1,Salmonella,0,0,0,0,0,none,,,4,0,0,0,0,0,0,0,0
CP003225.1,Klebsiella,0,0,0,0,0,none,,,6,0,0,0,0,0,0,0,0
NZ_CP029802.1,Salmonella,0,0,0,0,0,none,,,7,0,0,0,0,0,0,0,0
CP041052.1,Enterobacter,0,0,0,0,0,none,,,0,0,0,0,0,0,0,0,0
NZ_CP086448.1,Klebsiella,1,1,0,0,2,family,NZ_CP023274.1,Proteus,2,2,1,0,0,1,0,0,0
CP068399.1,Serratia,0,0,0,0,0,none,,,0,0,0,0,0,0,0,0,0
NZ_CP032391.1,Salmonella,1,1,1,0,3,order,NZ_KJ909290.1,Aeromonas,20,4,1,1,1,0,1,0,0
NZ_KJ802405.1,Providencia,1,1,0,0,2,family,NZ_MW363918.1,Klebsiella,4,4,4,0,2,2,0,0,0
NZ_CP033514.1,Vibrio,0,0,0,0,0,none,,,0,0,0,0,0,0,0,0,0
NZ_CP095567.1,Klebsiella,0,0,0,0,0,none,,,3,0,0,0,0,0,0,0,0
NZ_CP012682.1,Salmonella,0,0,0,0,0,none,,,0,0,0,0,0,0,0,0,0
CP082373.1,Salmonella,0,0,0,0,0,none,,,0,0,0,0,0,0,0,0,0
CP082520.1,Salmonella,0,0,0,0,0,none,,,1,0,0,0,0,0,0,0,0
NZ_CP031549.1,Escherichia,0,0,0,0,0,none,,,0,0,0,0,0,0,0,0,0
NZ_CP017987.1,Klebsiella,0,0,0,0,0,none,,,0,0,0,0,0,0,0,0,0
CP034397.1,Escherichia,0,0,0,0,0,none,,,0,0,0,0,0,0,0,0,0
NZ_KY887592.1,Citrobacter,0,0,0,0,0,none,,,0,0,0,0,0,0,0,0,0
CP042646.1,Escherichia,0,0,0,0,0,none,,,0,0,0,0,0,0,0,0,0
NZ_CP070596.1,Klebsiella,0,0,0,0,0,none,,,1,0,0,0,0,0,0,0,0
NC_022522.2,Salmonella,1,0,0,0,1,genus,NZ_AP026526.1,Klebsiella,3,3,0,0,0,0,0,0,0
NZ_CP025245.1,Salmonella,0,0,0,0,0,none,,,2,0,0,0,0,0,0,0,0
NZ_CP025470.1,Klebsiella,0,0,0,0,0,none,,,4,0,0,0,0,0,0,0,0
NZ_LT985250.1,Escherichia,0,0,0,0,0,none,,,0,0,0,0,0,0,0,0,0
NZ_MN254970.1,Escherichia,0,0,0,0,0,none,,,0,0,0,0,0,0,0,0,0
NZ_LR890658.1,Serratia,0,0,0,0,0,none,,,0,0,0,0,0,0,0,0,0
NZ_LC556213.1,Escherichia,1,0,0,0,1,genus,NZ_AP026526.1,Klebsiella,3,3,0,0,0,0,0,0,0
NZ_CP114314.1,Klebsiella,1,0,0,0,1,genus,CP114351.1,Escherichia,13,4,0,0,0,0,0,0,0
AP025670.1,Providencia,0,0,0,0,0,none,,,0,0,0,0,0,0,0,0,0
NZ_CP031122.1,Providencia,0,0,0,0,0,none,,,0,0,0,0,0,0,0,0,0
NZ_AP022377.1,Providencia,0,0,0,0,0,none,,,0,0,0,0,0,0,0,0,0
NZ_CP061407.1,Klebsiella,0,0,0,0,0,none,,,0,0,0,0,0,0,0,0,0
NZ_CP017055.1,Providencia,0,0,0,0,0,none,,,0,0,0,0,0,0,0,0,0
NZ_CP097381.1,Providencia,1,1,1,0,3,order,CP028419.1,Aeromonas,6,6,6,3,6,0,3,0,0
NZ_CP038326.1,Escherichia,0,0,0,0,0,none,,,2,0,0,0,0,0,0,0,1
NZ_CP117379.1,Salmonella,0,0,0,0,0,none,,,11,0,0,0,0,0,0,0,0
NZ_OY979118.1,Providencia,0,0,0,0,0,none,,,0,0,0,0,0,0,0,0,0
NC_020180.1,Klebsiella,0,0,0,0,0,none,,,1,0,0,0,0,0,0,0,0
NZ_CP131675.1,Klebsiella,0,0,0,0,0,none,,,0,0,0,0,0,0,0,0,0
NZ_CP096329.1,Providencia,1,1,0,0,2,family,NC_019158.1,Klebsiella,50,41,40,0,29,11,0,0,0
NZ_KX029331.1,Klebsiella,0,0,0,0,0,none,,,0,0,0,0,0,0,0,0,0
NZ_CP101380.1,Salmonella,0,0,0,0,0,none,,,0,0,0,0,0,0,0,0,0
NC_016976.1,Klebsiella,0,0,0,0,0,none,,,0,0,0,0,0,0,0,0,0
NZ_CP065085.1,Salmonella,0,0,0,0,0,none,,,9,0,0,0,0,0,0,0,0
CP063738.1,Escherichia,0,0,0,0,0,none,,,0,0,0,0,0,0,0,0,0
NZ_OK146920.1,Vibrio,0,0,0,0,0,none,,,0,0,0,0,0,0,0,0,0
NZ_CP051397.1,Salmonella,0,0,0,0,0,none,,,2,0,0,0,0,0,0,0,0
CP063685.2,Salmonella,0,0,0,0,0,none,,,0,0,0,0,0,0,0,0,0
NZ_OR257474.1,Escherichia,0,0,0,0,0,none,,,1,0,0,0,0,0,0,0,0
NZ_CP149295.1,Salmonella,0,0,0,0,0,none,,,0,0,0,0,0,0,0,0,0
NZ_KP975074.1,Citrobacter,0,0,0,0,0,none,,,0,0,0,0,0,0,0,0,0
CP014295.1,Klebsiella,0,0,0,0,0,none,,,0,0,0,0,0,0,0,0,0
NZ_MN310370.1,Klebsiella,0,0,0,0,0,none,,,1,0,0,0,0,0,0,0,0
NZ_CP047308.1,Citrobacter,1,1,1,0,3,order,NZ_PP860832.1,Vibrio,8,8,1,1,0,1,0,1,0
NZ_KJ909290.1,Aeromonas,1,1,1,0,3,order,CP123699.1,Salmonella,8,8,8,8,6,2,6,2,0
NZ_OL988825.1,Citrobacter,0,0,0,0,0,none,,,0,0,0,0,0,0,0,0,0
NZ_CP135682.1,Escherichia,1,0,0,0,1,genus,NZ_CP009564.1,Salmonella,7,6,0,0,0,0,0,0,0
NZ_CP047274.1,Citrobacter,0,0,0,0,0,none,,,3,0,0,0,0,0,0,0,0
NZ_CP104606.1,Klebsiella,1,1,1,0,3,order,NZ_PP860831.1,Vibrio,9,5,1,1,0,1,0,1,0
NZ_AP025336.1,Phytobacter,1,0,0,0,1,genus,NZ_CP060954.1,Escherichia,4,1,0,0,0,0,0,0,0
NZ_CP091869.1,Salmonella,0,0,0,0,0,none,,,4,0,0,0,0,0,0,0,0
NZ_CP129795.1,Klebsiella,0,0,0,0,0,none,,,0,0,0,0,0,0,0,0,0
NZ_CP018817.1,Klebsiella,1,1,0,0,2,family,NZ_CP096321.1,Providencia,32,17,7,0,7,0,0,0,0
NZ_CP096368.1,Providencia,1,1,0,0,2,family,NZ_JBRZFG010000002.1,Enterobacter,38,31,30,0,21,9,0,0,0
NZ_MZ606383.1,Klebsiella,1,1,0,0,2,family,NZ_CP096321.1,Providencia,38,22,12,0,11,1,0,0,0
NZ_CP106914.1,Klebsiella,0,0,0,0,0,none,,,1,0,0,0,0,0,0,0,0
NZ_CP131908.1,Klebsiella,1,1,0,0,2,family,NZ_MF150118.1,Proteus,50,2,1,0,1,0,0,0,0
NC_019153.1,Klebsiella,0,0,0,0,0,none,,,0,0,0,0,0,0,0,0,0
NZ_AP022495.1,Citrobacter,0,0,0,0,0,none,,,3,0,0,0,0,0,0,0,0
NZ_CP020056.1,Escherichia,1,1,0,0,2,family,NZ_CP096368.1,Providencia,33,27,10,0,9,1,0,0,0
NZ_KP742988.1,Salmonella,0,0,0,0,0,none,,,0,0,0,0,0,0,0,0,0
NZ_MT720905.1,Escherichia,0,0,0,0,0,none,,,1,0,0,0,0,0,0,0,1
NZ_CP065439.1,Klebsiella,0,0,0,0,0,none,,,9,0,0,0,0,0,0,0,0
NC_022377.1,Escherichia,0,0,0,0,0,none,,,2,0,0,0,0,0,0,0,0
NZ_KR559890.1,Enterobacter,0,0,0,0,0,none,,,0,0,0,0,0,0,0,0,0
NC_009140.1,Salmonella,1,0,0,0,1,genus,NZ_CP169019.1,Escherichia,6,5,0,0,0,0,0,0,0
NZ_CP018722.1,Klebsiella,0,0,0,0,0,none,,,6,0,0,0,0,0,0,0,0
NZ_CP007732.1,Klebsiella,1,0,0,0,1,genus,CP007558.1,Citrobacter,1,1,0,0,0,0,0,0,0
CP109689.1,Klebsiella,0,0,0,0,0,none,,,4,0,0,0,0,0,0,0,0
NZ_CP021551.1,Proteus,1,1,0,0,2,family,NZ_LR822055.1,Citrobacter,2,2,2,0,2,0,0,0,0
NZ_CP117374.1,Salmonella,0,0,0,0,0,none,,,0,0,0,0,0,0,0,0,0
CP082476.1,Salmonella,0,0,0,0,0,none,,,1,0,0,0,0,0,0,0,0
NZ_CP129772.1,Klebsiella,0,0,0,0,0,none,,,2,0,0,0,0,0,0,0,0
NZ_AP018145.1,Escherichia,0,0,0,0,0,none,,,0,0,0,0,0,0,0,0,0
NZ_CP089019.1,Klebsiella,1,1,0,0,2,family,NZ_MF150118.1,Proteus,49,2,1,0,1,0,0,0,0
NZ_OL908906.1,Providencia,0,0,0,0,0,none,,,0,0,0,0,0,0,0,0,0
NZ_CP030077.1,Enterobacter,0,0,0,0,0,none,,,0,0,0,0,0,0,0,0,0
NZ_CP065079.1,Salmonella,0,0,0,0,0,none,,,8,0,0,0,0,0,0,0,0
NZ_AP026734.1,Shewanella,0,0,0,0,0,none,,,0,0,0,0,0,0,0,0,0
NZ_AP028319.1,Citrobacter,0,0,0,0,0,none,,,1,0,0,0,0,0,0,0,0
NZ_CP117337.1,Salmonella,0,0,0,0,0,none,,,0,0,0,0,0,0,0,0,0
NZ_CP101941.1,Salmonella,1,1,1,0,3,order,NZ_KJ909290.1,Aeromonas,8,3,1,1,1,0,1,0,0
NZ_KX147633.1,Citrobacter,0,0,0,0,0,none,,,1,0,0,0,0,0,0,0,0
NZ_CP129752.1,Klebsiella,0,0,0,0,0,none,,,0,0,0,0,0,0,0,0,0
NZ_CP026207.1,Escherichia,0,0,0,0,0,none,,,0,0,0,0,0,0,0,0,0
NZ_CP080427.1,Salmonella,0,0,0,0,0,none,,,4,0,0,0,0,0,0,0,0
NZ_CP024557.1,Klebsiella,0,0,0,0,0,none,,,3,0,0,0,0,0,0,0,0
NZ_CP050832.1,Salmonella,0,0,0,0,0,none,,,4,0,0,0,0,0,0,0,0
NZ_MZ606384.2,Klebsiella,1,1,0,0,2,family,NZ_CP096321.1,Providencia,45,24,12,0,11,1,0,0,0
NZ_LC556210.1,Enterobacter,0,0,0,0,0,none,,,0,0,0,0,0,0,0,0,0
NZ_MH917285.1,Klebsiella,0,0,0,0,0,none,,,1,0,0,0,0,0,0,0,0
NZ_CP129722.1,Klebsiella,1,1,0,0,2,family,NZ_MF150118.1,Proteus,50,2,1,0,1,0,0,0,0
NZ_CP024522.1,Klebsiella,0,0,0,0,0,none,,,3,0,0,0,0,0,0,0,0
NZ_CP009412.1,Salmonella,0,0,0,0,0,none,,,0,0,0,0,0,0,0,0,0
CP082663.1,Salmonella,0,0,0,0,0,none,,,2,0,0,0,0,0,0,0,0
NZ_CP100733.1,Salmonella,0,0,0,0,0,none,,,0,0,0,0,0,0,0,0,0
CP063741.1,Escherichia,0,0,0,0,0,none,,,0,0,0,0,0,0,0,0,0
NZ_CP031362.1,Salmonella,0,0,0,0,0,none,,,0,0,0,0,0,0,0,0,0
NZ_CP045462.1,Salmonella,0,0,0,0,0,none,,,9,0,0,0,0,0,0,0,0
NZ_CP104722.1,Escherichia,1,1,1,0,3,order,NZ_PP860831.1,Vibrio,4,4,1,1,0,1,0,1,0
NZ_KU726616.1,Salmonella,1,1,0,0,2,family,NZ_CP096321.1,Providencia,43,43,12,0,11,1,0,0,0
NZ_CP129693.1,Klebsiella,1,0,0,0,1,genus,NZ_CP183131.1,Escherichia,17,1,0,0,0,0,0,0,0
NZ_MT559993.1,Escherichia,0,0,0,0,0,none,,,0,0,0,0,0,0,0,0,0
NZ_LR890548.1,Klebsiella,0,0,0,0,0,none,,,4,0,0,0,0,0,0,0,0
NZ_CP099753.1,Escherichia,1,0,0,0,1,genus,NZ_CP099747.1,Klebsiella,3,2,0,0,0,0,0,0,0
NZ_OR257472.1,Escherichia,0,0,0,0,0,none,,,0,0,0,0,0,0,0,0,0
LC521847.1,Klebsiella,0,0,0,0,0,none,,,1,0,0,0,0,0,0,0,0
CP082525.1,Salmonella,0,0,0,0,0,none,,,2,0,0,0,0,0,0,0,0
CP123693.1,Salmonella,0,0,0,0,0,none,,,0,0,0,0,0,0,0,0,0
LC744438.1,Escherichia,1,1,0,0,2,family,NZ_CP021551.1,Proteus,2,2,1,0,1,0,0,0,0
NC_019375.1,Providencia,0,0,0,0,0,none,,,0,0,0,0,0,0,0,0,0
NZ_MH909327.1,Klebsiella,0,0,0,0,0,none,,,1,0,0,0,0,0,0,0,0
NZ_CP156717.1,Salmonella,0,0,0,0,0,none,,,1,0,0,0,0,0,0,0,0
NZ_OQ821144.1,Citrobacter,0,0,0,0,0,none,,,1,0,0,0,0,0,0,0,0
NZ_CP135624.1,Citrobacter,0,0,0,0,0,none,,,0,0,0,0,0,0,0,0,0
NZ_CP066808.1,Escherichia,0,0,0,0,0,none,,,1,0,0,0,0,0,0,0,0
NZ_CP060954.1,Escherichia,1,1,0,0,2,family,NZ_CP136772.1,Providencia,5,5,1,0,0,1,0,0,0
NZ_CP070545.1,Citrobacter,0,0,0,0,0,none,,,0,0,0,0,0,0,0,0,0
NZ_CP114363.1,Klebsiella,1,0,0,0,1,genus,CP114351.1,Escherichia,13,4,0,0,0,0,0,0,0
CP082428.1,Salmonella,0,0,0,0,0,none,,,0,0,0,0,0,0,0,0,0
NZ_CP041172.1,Salmonella,0,0,0,0,0,none,,,4,0,0,0,0,0,0,0,0
NZ_AP028316.1,Citrobacter,0,0,0,0,0,none,,,1,0,0,0,0,0,0,0,0
NZ_MN101850.1,Escherichia,0,0,0,0,0,none,,,1,0,0,0,0,0,0,0,0
NZ_CP138702.1,Klebsiella,0,0,0,0,0,none,,,0,0,0,0,0,0,0,0,0
NZ_MF344573.1,Klebsiella,1,1,0,0,2,family,NZ_MT560002.1,Proteus,4,2,1,0,1,0,0,0,0
NZ_LC225353.1,Photobacterium,0,0,0,0,0,none,,,1,0,0,0,0,0,0,0,0
NZ_LC507075.1,Providencia,0,0,0,0,0,none,,,0,0,0,0,0,0,0,0,0
NZ_MT560002.1,Proteus,1,1,0,0,2,family,NZ_CP030304.1,Klebsiella,4,4,4,0,4,0,0,0,0
NZ_CP018956.1,Escherichia,1,1,0,0,2,family,NZ_CP109734.1,Providencia,10,9,1,0,1,0,0,0,0
NZ_MT559992.1,Escherichia,0,0,0,0,0,none,,,0,0,0,0,0,0,0,0,0
NZ_CP126537.1,Citrobacter,0,0,0,0,0,none,,,1,0,0,0,0,0,0,0,0
NZ_CP065451.1,Klebsiella,1,0,0,0,1,genus,NZ_LT985224.1,Escherichia,16,1,0,0,0,0,0,0,0
NZ_CP043192.1,Escherichia,1,0,0,0,1,genus,NZ_CP043215.1,Salmonella,5,4,0,0,0,0,0,0,0
NZ_LR822057.1,Citrobacter,0,0,0,0,0,none,,,0,0,0,0,0,0,0,0,0
NZ_CP043904.1,Shewanella,0,0,0,0,0,none,,,0,0,0,0,0,0,0,0,0
NZ_CP047128.1,Escherichia,0,0,0,0,0,none,,,0,0,0,0,0,0,0,0,0
NZ_CP110518.1,Klebsiella,0,0,0,0,0,none,,,0,0,0,0,0,0,0,0,0
NZ_CP094993.1,Klebsiella,0,0,0,0,0,none,,,2,0,0,0,0,0,0,0,0
NZ_CP086666.1,Klebsiella,0,0,0,0,0,none,,,2,0,0,0,0,0,0,0,0
NZ_CP115823.1,Escherichia,1,0,0,0,1,genus,NZ_CP009564.1,Salmonella,4,3,0,0,0,0,0,0,0
NZ_OR497351.1,Enterobacter,0,0,0,0,0,none,,,0,0,0,0,0,0,0,0,0
NZ_CP104926.1,Klebsiella,1,1,1,0,3,order,NZ_PP860831.1,Vibrio,9,5,1,1,0,1,0,1,0
NZ_MN647787.1,Salmonella,0,0,0,0,0,none,,,0,0,0,0,0,0,0,0,0
NZ_MN604267.1,Salmonella,0,0,0,0,0,none,,,0,0,0,0,0,0,0,0,0
CP135470.1,Citrobacter,0,0,0,0,0,none,,,1,0,0,0,0,0,0,0,0
NZ_MN065773.1,Klebsiella,0,0,0,0,0,none,,,1,0,0,0,0,0,0,0,0
NZ_CP099747.1,Klebsiella,1,0,0,0,1,genus,NZ_CP099753.1,Escherichia,3,2,0,0,0,0,0,0,0
NZ_CP032168.1,Klebsiella,1,0,0,0,1,genus,CP029718.1,Enterobacter,6,5,0,0,0,0,0,0,0
NZ_CP136049.1,Citrobacter,0,0,0,0,0,none,,,1,0,0,0,0,0,0,0,0
NZ_OR041629.1,Escherichia,0,0,0,0,0,none,,,2,0,0,0,0,0,0,0,0
AP022385.1,Citrobacter,0,0,0,0,0,none,,,1,0,0,0,0,0,0,0,0
NC_023291.1,Vibrio,0,0,0,0,0,none,,,0,0,0,0,0,0,0,0,0
NZ_MZ475694.1,Klebsiella,0,0,0,0,0,none,,,0,0,0,0,0,0,0,0,0
NZ_CP051426.1,Salmonella,0,0,0,0,0,none,,,2,0,0,0,0,0,0,0,0
CP052444.1,Klebsiella,1,1,0,0,2,family,NZ_MF150118.1,Proteus,49,2,1,0,1,0,0,0,0
NZ_CP102989.1,Klebsiella,0,0,0,0,0,none,,,1,0,0,0,0,0,0,0,0
NZ_CP053192.1,Enterobacter,0,0,0,0,0,none,,,0,0,0,0,0,0,0,0,0
NZ_CP144507.1,Klebsiella,0,0,0,0,0,none,,,0,0,0,0,0,0,0,0,0
NZ_CP021853.1,Proteus,0,0,0,0,0,none,,,0,0,0,0,0,0,0,0,0
NZ_KY887593.1,Citrobacter,0,0,0,0,0,none,,,0,0,0,0,0,0,0,0,0
CP143331.1,Enterobacter,1,0,0,0,1,genus,NZ_CP114318.1,Klebsiella,13,12,0,0,0,0,0,0,0
NZ_CP028316.1,Salmonella,0,0,0,0,0,none,,,1,0,0,0,0,0,0,0,0
NZ_CP012902.1,Escherichia,0,0,0,0,0,none,,,0,0,0,0,0,0,0,0,0
NZ_CP053670.1,Klebsiella,1,0,0,0,1,genus,NZ_MH844629.1,Escherichia,6,4,0,0,0,0,0,0,0
NZ_CP114162.1,Klebsiella,1,0,0,0,1,genus,CP114351.1,Escherichia,13,4,0,0,0,0,0,0,0
OV141395.1,Citrobacter,0,0,0,0,0,none,,,0,0,0,0,0,0,0,0,0
NZ_LT985222.1,Escherichia,1,1,0,0,2,family,NZ_MN148427.1,Proteus,5,3,1,0,1,0,0,0,0
NZ_CP071026.1,Enterobacter,0,0,0,0,0,none,,,0,0,0,0,0,0,0,0,0
NZ_LT985218.1,Escherichia,0,0,0,0,0,none,,,0,0,0,0,0,0,0,0,0
CP082648.1,Salmonella,0,0,0,0,0,none,,,0,0,0,0,0,0,0,0,0
NZ_CP115010.1,Serratia,0,0,0,0,0,none,,,1,0,0,0,0,0,0,0,0
NZ_OQ821155.1,Citrobacter,0,0,0,0,0,none,,,1,0,0,0,0,0,0,0,0
NZ_MN380474.1,Vibrio,1,1,1,0,3,order,NZ_AP026939.1,Escherichia,2,2,2,2,2,0,2,0,0
NZ_OR253888.1,Klebsiella,0,0,0,0,0,none,,,0,0,0,0,0,0,0,0,0
NZ_CP023724.1,Klebsiella,0,0,0,0,0,none,,,6,0,0,0,0,0,0,0,0
NZ_MK205417.1,Salmonella,0,0,0,0,0,none,,,4,0,0,0,0,0,0,0,0
NZ_CP028814.1,Edwardsiella,0,0,0,0,0,none,,,2,0,0,0,0,0,0,0,0
NZ_CP133339.1,Enterobacter,0,0,0,0,0,none,,,0,0,0,0,0,0,0,0,0
NZ_CP129712.1,Klebsiella,0,0,0,0,0,none,,,10,0,0,0,0,0,0,0,0
NZ_MT559987.1,Escherichia,0,0,0,0,0,none,,,0,0,0,0,0,0,0,0,0
NZ_CP096344.1,Providencia,0,0,0,0,0,none,,,2,0,0,0,0,0,0,0,0
NZ_CP014658.1,Salmonella,1,0,0,0,1,genus,NC_017645.1,Escherichia,7,4,0,0,0,0,0,0,0
NZ_MH475146.1,Citrobacter,0,0,0,0,0,none,,,0,0,0,0,0,0,0,0,0
NZ_AP018143.1,Escherichia,0,0,0,0,0,none,,,0,0,0,0,0,0,0,0,0
NZ_CP137370.1,Klebsiella,1,0,0,0,1,genus,NZ_PP350803.1,Escherichia,1,1,0,0,0,0,0,0,0
NZ_CP103514.1,Klebsiella,0,0,0,0,0,none,,,0,0,0,0,0,0,0,0,0
NZ_CP117399.1,Salmonella,1,0,0,0,1,genus,NZ_RROP01000109.1,Escherichia,5,1,0,0,0,0,0,0,0
NZ_MW363918.1,Klebsiella,1,1,0,0,2,family,NZ_KJ802405.1,Providencia,4,2,1,0,1,0,0,0,0
NZ_MT316184.1,Salmonella,1,0,0,0,1,genus,NZ_CP015394.1,Klebsiella,2,2,0,0,0,0,0,0,0
NZ_CP119541.1,Providencia,0,0,0,0,0,none,,,1,0,0,0,0,0,0,0,0
NZ_CP077964.1,Proteus,0,0,0,0,0,none,,,0,0,0,0,0,0,0,0,0
NZ_CP053812.1,Vibrio,0,0,0,0,0,none,,,1,0,0,0,0,0,0,0,0
NC_019107.1,Salmonella,0,0,0,0,0,none,,,0,0,0,0,0,0,0,0,0
NZ_CP031610.1,Escherichia,1,0,0,0,1,genus,CP029718.1,Enterobacter,4,4,0,0,0,0,0,0,0
NZ_CP045016.1,Klebsiella,0,0,0,0,0,none,,,0,0,0,0,0,0,0,0,0
NZ_AP028043.1,Phytobacter,1,0,0,0,1,genus,NZ_CP060954.1,Escherichia,4,1,0,0,0,0,0,0,0
CP082450.1,Salmonella,0,0,0,0,0,none,,,0,0,0,0,0,0,0,0,0
NZ_LR822059.1,Klebsiella,0,0,0,0,0,none,,,0,0,0,0,0,0,0,0,0
NZ_CP070541.1,Citrobacter,0,0,0,0,0,none,,,0,0,0,0,0,0,0,0,0
LC807806.1,Escherichia,0,0,0,0,0,none,,,0,0,0,0,0,0,0,0,0
NZ_MG764534.1,Klebsiella,1,1,0,0,2,family,NZ_MN148427.1,Proteus,6,4,1,0,1,0,0,0,0
NZ_ON391944.1,Shewanella,0,0,0,0,0,none,,,1,0,0,0,0,0,0,0,0
NZ_MH476540.1,Klebsiella,0,0,0,0,0,none,,,0,0,0,0,0,0,0,0,0
NZ_AP019818.1,Enterobacter,0,0,0,0,0,none,,,0,0,0,0,0,0,0,0,0
NZ_AP018687.1,Vibrio,0,0,0,0,0,none,,,0,0,0,0,0,0,0,0,0
NZ_MK770642.1,Klebsiella,0,0,0,0,0,none,,,0,0,0,0,0,0,0,0,0
LC521852.1,Klebsiella,0,0,0,0,0,none,,,0,0,0,0,0,0,0,0,0
NZ_KT935446.1,Klebsiella,0,0,0,0,0,none,,,0,0,0,0,0,0,0,0,0
NZ_CP021536.1,Escherichia,0,0,0,0,0,none,,,0,0,0,0,0,0,0,0,0
NZ_CP030132.1,Klebsiella,0,0,0,0,0,none,,,2,0,0,0,0,0,0,0,0
NZ_CP019001.1,Escherichia,0,0,0,0,0,none,,,0,0,0,0,0,0,0,0,0
NZ_CP080264.1,Escherichia,0,0,0,0,0,none,,,0,0,0,0,0,0,0,0,0
NZ_AP023051.1,Citrobacter,0,0,0,0,0,none,,,0,0,0,0,0,0,0,0,0
NZ_AP022487.1,Citrobacter,0,0,0,0,0,none,,,1,0,0,0,0,0,0,0,0
NZ_CP009567.1,Salmonella,1,0,0,0,1,genus,NZ_CP132696.1,Klebsiella,14,1,0,0,0,0,0,0,0
NZ_MT320534.1,Proteus,1,1,0,0,2,family,NZ_MT559986.1,Escherichia,1,1,1,0,1,0,0,0,0
NZ_CP117397.1,Salmonella,0,0,0,0,0,none,,,11,0,0,0,0,0,0,0,0
NZ_LT985243.1,Escherichia,0,0,0,0,0,none,,,4,0,0,0,0,0,0,0,0
NZ_MF627445.1,Vibrio,0,0,0,0,0,none,,,0,0,0,0,0,0,0,0,0
NZ_KU302801.1,Enterobacter,0,0,0,0,0,none,,,1,0,0,0,0,0,0,0,0
CP114351.1,Escherichia,1,0,0,0,1,genus,NZ_CP114162.1,Klebsiella,13,12,0,0,0,0,0,0,0
NZ_CP110892.1,Citrobacter,0,0,0,0,0,none,,,0,0,0,0,0,0,0,0,0
NZ_CP109746.1,Citrobacter,0,0,0,0,0,none,,,0,0,0,0,0,0,0,0,0
NZ_CP129805.1,Klebsiella,1,0,0,0,1,genus,NZ_LT985224.1,Escherichia,16,1,0,0,0,0,0,0,0
NC_019116.1,Salmonella,0,0,0,0,0,none,,,3,0,0,0,0,0,0,0,0
NZ_AP022390.1,Citrobacter,0,0,0,0,0,none,,,1,0,0,0,0,0,0,0,0
NZ_CP096319.1,Providencia,0,0,0,0,0,none,,,2,0,0,0,0,0,0,0,0
NZ_OR041627.1,Escherichia,0,0,0,0,0,none,,,2,0,0,0,0,0,0,0,0
NZ_CP051357.1,Salmonella,1,0,0,0,1,genus,NZ_CP043190.1,Escherichia,3,2,0,0,0,0,0,0,0
NZ_CP104115.1,Escherichia,0,0,0,0,0,none,,,1,0,0,0,0,0,0,0,0
CP082740.1,Salmonella,0,0,0,0,0,none,,,1,0,0,0,0,0,0,0,0
NZ_CP095591.1,Providencia,0,0,0,0,0,none,,,3,0,0,0,0,0,0,0,0
NZ_CP017058.1,Citrobacter,0,0,0,0,0,none,,,0,0,0,0,0,0,0,0,0
NZ_CP080428.1,Salmonella,0,0,0,0,0,none,,,4,0,0,0,0,0,0,0,0
CP109714.1,Klebsiella,0,0,0,0,0,none,,,4,0,0,0,0,0,0,0,0
CP046034.1,Salmonella,0,0,0,0,0,none,,,1,0,0,0,0,0,0,0,0
NZ_CP098372.1,Klebsiella,0,0,0,0,0,none,,,0,0,0,0,0,0,0,0,0
NZ_CP096170.1,Shewanella,0,0,0,0,0,none,,,1,0,0,0,0,0,0,0,0
NZ_CP151089.1,Citrobacter,0,0,0,0,0,none,,,0,0,0,0,0,0,0,0,0
NZ_OP378640.1,Klebsiella,1,0,0,0,1,genus,NZ_MK638972.1,Escherichia,5,2,0,0,0,0,0,0,0
NZ_CP096303.1,Providencia,0,0,0,0,0,none,,,0,0,0,0,0,0,0,0,0
NZ_KY887596.1,Escherichia,0,0,0,0,0,none,,,0,0,0,0,0,0,0,0,0
LC744502.1,Escherichia,0,0,0,0,0,none,,,0,0,0,0,0,0,0,0,0
NZ_CP021952.1,Klebsiella,0,0,0,0,0,none,,,0,0,0,0,0,0,0,0,0
NZ_CP048797.1,Providencia,0,0,0,0,0,none,,,0,0,0,0,0,0,0,0,0
NZ_MT816498.1,Escherichia,1,0,0,0,1,genus,NC_009140.1,Salmonella,4,1,0,0,0,0,0,0,0
NZ_CP110969.1,Klebsiella,0,0,0,0,0,none,,,0,0,0,0,0,0,0,0,0
CP007558.1,Citrobacter,1,0,0,0,1,genus,NZ_CP007732.1,Klebsiella,1,1,0,0,0,0,0,0,0
CP082457.1,Salmonella,0,0,0,0,0,none,,,0,0,0,0,0,0,0,0,0
NZ_CP142384.1,Escherichia,0,0,0,0,0,none,,,0,0,0,0,0,0,0,0,0
NZ_CP045742.1,Escherichia,0,0,0,0,0,none,,,0,0,0,0,0,0,0,0,0
NZ_CP020513.1,Escherichia,0,0,0,0,0,none,,,0,0,0,0,0,0,0,0,0
NC_019121.1,Salmonella,0,0,0,0,0,none,,,0,0,0,0,0,0,0,0,0
NC_012690.1,Escherichia,0,0,0,0,0,none,,,0,0,0,0,0,0,0,0,0
NZ_CP035669.1,Edwardsiella,0,0,0,0,0,none,,,0,0,0,0,0,0,0,0,0
CP157136.1,Escherichia,1,0,0,0,1,genus,CP123701.1,Salmonella,2,1,0,0,0,0,0,0,0
NC_019118.1,Salmonella,0,0,0,0,0,none,,,3,0,0,0,0,0,0,0,0
NZ_MT559997.1,Escherichia,1,1,1,0,3,order,CP028419.1,Aeromonas,6,5,4,3,4,0,3,0,0
NZ_CP098334.1,Citrobacter,0,0,0,0,0,none,,,0,0,0,0,0,0,0,0,0
NC_019065.1,Escherichia,0,0,0,0,0,none,,,1,0,0,0,0,0,0,0,0
NZ_CP051403.1,Salmonella,0,0,0,0,0,none,,,0,0,0,0,0,0,0,0,0
NZ_CP022126.1,Klebsiella,1,1,0,0,2,family,NZ_CP096321.1,Providencia,45,24,12,0,11,1,0,0,0
NZ_CP049113.1,Escherichia,1,0,0,0,1,genus,NZ_CP099677.1,Klebsiella,3,2,0,0,0,0,0,0,0
NZ_CP142989.1,Klebsiella,1,1,0,0,2,family,NZ_MF150118.1,Proteus,50,2,1,0,1,0,0,0,0
NZ_MT559996.1,Escherichia,0,0,0,0,0,none,,,1,0,0,0,0,0,0,0,0
NZ_CP096336.1,Providencia,0,0,0,0,0,none,,,3,0,0,0,0,0,0,0,0
NZ_CP096347.1,Providencia,0,0,0,0,0,none,,,0,0,0,0,0,0,0,0,0
NZ_AP026939.1,Escherichia,1,1,1,0,3,order,NZ_MN380474.1,Vibrio,2,2,1,1,1,0,1,0,0
NZ_CP127506.1,Klebsiella,0,0,0,0,0,none,,,0,0,0,0,0,0,0,0,0
NZ_CP117189.1,Salmonella,0,0,0,0,0,none,,,0,0,0,0,0,0,0,0,0
CP018457.1,Shewanella,1,1,1,0,3,order,NZ_CP031106.1,Escherichia,6,2,2,2,1,1,1,1,0
NZ_MT219816.1,Escherichia,0,0,0,0,0,none,,,0,0,0,0,0,0,0,0,0
CP110729.1,Klebsiella,0,0,0,0,0,none,,,7,0,0,0,0,0,0,0,0
NZ_KY887590.1,Escherichia,0,0,0,0,0,none,,,0,0,0,0,0,0,0,0,0
NZ_CP065443.1,Klebsiella,0,0,0,0,0,none,,,6,0,0,0,0,0,0,0,0
NZ_AP028311.1,Escherichia,0,0,0,0,0,none,,,0,0,0,0,0,0,0,0,0
NZ_MZ475707.1,Klebsiella,0,0,0,0,0,none,,,5,0,0,0,0,0,0,0,0
NZ_CP065465.1,Klebsiella,0,0,0,0,0,none,,,17,0,0,0,0,0,0,0,0
NZ_CP065446.1,Klebsiella,0,0,0,0,0,none,,,17,0,0,0,0,0,0,0,0
NZ_MT682138.1,Escherichia,0,0,0,0,0,none,,,1,0,0,0,0,0,0,0,0
NZ_CP047421.1,Shewanella,0,0,0,0,0,none,,,0,0,0,0,0,0,0,0,0
NZ_OY979224.1,Providencia,0,0,0,0,0,none,,,0,0,0,0,0,0,0,0,0
CP123699.1,Salmonella,1,1,1,0,3,order,NZ_KJ909290.1,Aeromonas,8,3,1,1,1,0,1,0,0
NZ_LC536682.1,Klebsiella,0,0,0,0,0,none,,,1,0,0,0,0,0,0,0,0
NZ_CP132712.1,Klebsiella,0,0,0,0,0,none,,,0,0,0,0,0,0,0,0,0
NZ_CP129498.1,Enterobacter,0,0,0,0,0,none,,,0,0,0,0,0,0,0,0,0
NZ_CP119553.1,Providencia,0,0,0,0,0,none,,,1,0,0,0,0,0,0,0,0
NZ_CP050162.1,Escherichia,0,0,0,0,0,none,,,0,0,0,0,0,0,0,0,0
CP082599.1,Salmonella,0,0,0,0,0,none,,,2,0,0,0,0,0,0,0,0
NZ_CP045510.1,Salmonella,0,0,0,0,0,none,,,9,0,0,0,0,0,0,0,0
NZ_CP095781.1,Klebsiella,0,0,0,0,0,none,,,0,0,0,0,0,0,0,0,0
NZ_KY887591.1,Escherichia,0,0,0,0,0,none,,,0,0,0,0,0,0,0,0,0
NZ_KR091911.1,Salmonella,0,0,0,0,0,none,,,1,0,0,0,0,0,0,0,0
NZ_CP044142.1,Escherichia,1,1,1,0,3,order,NZ_KJ909290.1,Aeromonas,8,7,1,1,1,0,1,0,0
NZ_CP117355.1,Salmonella,0,0,0,0,0,none,,,4,0,0,0,0,0,0,0,0
NZ_CP049969.1,Escherichia,0,0,0,0,0,none,,,0,0,0,0,0,0,0,0,0
NZ_LR890502.1,Klebsiella,0,0,0,0,0,none,,,7,0,0,0,0,0,0,0,0
NZ_CP051373.1,Salmonella,1,0,0,0,1,genus,NZ_CP135682.1,Escherichia,7,2,0,0,0,0,0,0,0
NZ_CP076009.1,Klebsiella,0,0,0,0,0,none,,,0,0,0,0,0,0,0,0,0
NZ_CP024550.1,Klebsiella,0,0,0,0,0,none,,,4,0,0,0,0,0,0,0,0
NZ_MT859309.1,Salmonella,1,0,0,0,1,genus,NZ_CP032238.1,Escherichia,2,1,0,0,0,0,0,0,0
NZ_CP126179.1,Salmonella,0,0,0,0,0,none,,,0,0,0,0,0,0,0,0,0
NZ_ON934555.1,Escherichia,0,0,0,0,0,none,,,0,0,0,0,0,0,0,0,0
CP031564.1,Klebsiella,0,0,0,0,0,none,,,0,0,0,0,0,0,0,0,0
NZ_CP018220.1,Salmonella,0,0,0,0,0,none,,,0,0,0,0,0,0,0,0,0
NZ_CP098375.1,Klebsiella,0,0,0,0,0,none,,,0,0,0,0,0,0,0,0,0
NZ_CP146088.1,Klebsiella,0,0,0,0,0,none,,,8,0,0,0,0,0,0,0,0
NZ_CP080541.1,Citrobacter,0,0,0,0,0,none,,,0,0,0,0,0,0,0,0,0
NZ_MH763829.1,Citrobacter,0,0,0,0,0,none,,,0,0,0,0,0,0,0,0,0
CP082752.1,Salmonella,0,0,0,0,0,none,,,0,0,0,0,0,0,0,0,0
NZ_OL348378.1,Klebsiella,1,1,1,0,3,order,NZ_PP860831.1,Vibrio,10,6,1,1,0,1,0,1,0
NZ_MT559985.1,Escherichia,0,0,0,0,0,none,,,0,0,0,0,0,0,0,0,0
CP098445.1,Proteus,0,0,0,0,0,none,,,0,0,0,0,0,0,0,0,0
NC_012692.1,Escherichia,1,0,0,0,1,genus,NC_009140.1,Salmonella,5,1,0,0,0,0,0,0,0
NZ_CP080424.1,Salmonella,0,0,0,0,0,none,,,4,0,0,0,0,0,0,0,0
CP114368.1,Escherichia,1,0,0,0,1,genus,NZ_CP114162.1,Klebsiella,13,12,0,0,0,0,0,0,0
NZ_CP096363.1,Providencia,0,0,0,0,0,none,,,3,0,0,0,0,0,0,0,0
NZ_ON390809.1,Proteus,0,0,0,0,0,none,,,0,0,0,0,0,0,0,0,0
NZ_AP026554.1,Vibrio,0,0,0,0,0,none,,,1,0,0,0,0,0,0,0,0
NZ_KT997783.1,Escherichia,0,0,0,0,0,none,,,3,0,0,0,0,0,0,0,0
NZ_CP051308.1,Salmonella,0,0,0,0,0,none,,,0,0,0,0,0,0,0,0,0
NZ_KM083064.1,Vibrio,0,0,0,0,0,none,,,0,0,0,0,0,0,0,0,0
NZ_CP117372.1,Salmonella,0,0,0,0,0,none,,,11,0,0,0,0,0,0,0,0
NZ_MF582638.1,Klebsiella,0,0,0,0,0,none,,,0,0,0,0,0,0,0,0,0
NZ_CP095609.1,Klebsiella,0,0,0,0,0,none,,,0,0,0,0,0,0,0,0,0
CP067958.1,Klebsiella,1,1,0,0,2,family,NZ_CP109734.1,Providencia,12,6,1,0,1,0,0,0,0
NZ_MF150121.1,Klebsiella,1,0,0,0,1,genus,NZ_LT985224.1,Escherichia,16,1,0,0,0,0,0,0,0
NZ_OR041626.1,Escherichia,1,1,0,0,2,family,NZ_CP096321.1,Providencia,15,12,5,0,5,0,0,0,0
NC_019158.1,Klebsiella,1,1,0,0,2,family,NZ_CP096321.1,Providencia,50,28,13,0,12,1,0,0,0
NZ_KX156773.1,Escherichia,0,0,0,0,0,none,,,0,0,0,0,0,0,0,0,0
NZ_CP027043.1,Klebsiella,0,0,0,0,0,none,,,0,0,0,0,0,0,0,0,0
NZ_MT559986.1,Escherichia,1,1,0,0,2,family,NZ_MT320534.1,Proteus,4,4,2,0,2,0,0,0,0
NZ_CP030736.1,Klebsiella,0,0,0,0,0,none,,,7,0,0,0,0,0,0,0,0
NZ_MZ836796.1,Escherichia,0,0,0,0,0,none,,,1,0,0,0,0,0,0,0,0
NZ_OX461118.1,Shewanella,0,0,0,0,0,none,,,0,0,0,0,0,0,0,0,0
NZ_CP129826.1,Klebsiella,0,0,0,0,0,none,,,0,0,0,0,0,0,0,0,0
NZ_AP022395.1,Citrobacter,0,0,0,0,0,none,,,3,0,0,0,0,0,0,0,0
NZ_CP047270.1,Citrobacter,0,0,0,0,0,none,,,3,0,0,0,0,0,0,0,0
NZ_CP031802.1,Klebsiella,0,0,0,0,0,none,,,7,0,0,0,0,0,0,0,0
NZ_CP091867.1,Salmonella,0,0,0,0,0,none,,,4,0,0,0,0,0,0,0,0
NC_019069.1,Escherichia,0,0,0,0,0,none,,,2,0,0,0,0,0,0,0,0
NZ_MZ465533.1,Klebsiella,0,0,0,0,0,none,,,0,0,0,0,0,0,0,0,0
CP086673.1,Klebsiella,0,0,0,0,0,none,,,2,0,0,0,0,0,0,0,0
NZ_CP054402.1,Klebsiella,1,1,1,0,3,order,NZ_PP860832.1,Vibrio,7,3,1,1,0,1,0,1,0
NZ_CP024564.1,Klebsiella,0,0,0,0,0,none,,,4,0,0,0,0,0,0,0,0
NZ_MT560001.1,Klebsiella,0,0,0,0,0,none,,,0,0,0,0,0,0,0,0,0
NZ_CP049111.1,Escherichia,0,0,0,0,0,none,,,0,0,0,0,0,0,0,0,0
NZ_CP009411.1,Salmonella,1,1,1,0,3,order,NZ_KJ909290.1,Aeromonas,9,4,1,1,1,0,1,0,0
CP137457.1,Klebsiella,0,0,0,0,0,none,,,0,0,0,0,0,0,0,0,0
NZ_CP045953.1,Salmonella,0,0,0,0,0,none,,,0,0,0,0,0,0,0,0,0
CP046032.1,Salmonella,0,0,0,0,0,none,,,1,0,0,0,0,0,0,0,0
CP074336.1,Salmonella,0,0,0,0,0,none,,,0,0,0,0,0,0,0,0,0
NZ_CP096180.1,Escherichia,0,0,0,0,0,none,,,1,0,0,0,0,0,0,0,0
NZ_CP129729.1,Klebsiella,1,1,0,0,2,family,NZ_MF150118.1,Proteus,50,2,1,0,1,0,0,0,0
NZ_CP126793.1,Enterobacter,0,0,0,0,0,none,,,0,0,0,0,0,0,0,0,0
NZ_CP068573.1,Klebsiella,0,0,0,0,0,none,,,0,0,0,0,0,0,0,0,0
NZ_MN550958.1,Proteus,0,0,0,0,0,none,,,0,0,0,0,0,0,0,0,0
NZ_CP137921.1,Proteus,1,1,0,0,2,family,CP136911.1,Hafnia,6,6,6,0,5,1,0,0,0
CP063755.1,Salmonella,0,0,0,0,0,none,,,1,0,0,0,0,0,0,0,0
NZ_CP054408.1,Escherichia,1,1,1,0,3,order,NZ_PP860832.1,Vibrio,7,7,1,1,0,1,0,1,0
CP082407.1,Salmonella,1,0,0,0,1,genus,NZ_CP043190.1,Escherichia,4,2,0,0,0,0,0,0,0
CP142577.1,Escherichia,0,0,0,0,0,none,,,0,0,0,0,0,0,0,0,0
NZ_CP008824.1,Enterobacter,0,0,0,0,0,none,,,0,0,0,0,0,0,0,0,0
NZ_CP045520.1,Salmonella,0,0,0,0,0,none,,,9,0,0,0,0,0,0,0,0
NZ_CP129778.1,Klebsiella,1,1,0,0,2,family,NZ_MF150118.1,Proteus,50,2,1,0,1,0,0,0,0
NC_008613.1,Photobacterium,0,0,0,0,0,none,,,0,0,0,0,0,0,0,0,0
CP093454.1,Klebsiella,0,0,0,0,0,none,,,0,0,0,0,0,0,0,0,0
CP109701.1,Klebsiella,0,0,0,0,0,none,,,4,0,0,0,0,0,0,0,0
NZ_MZ836799.1,Escherichia,0,0,0,0,0,none,,,1,0,0,0,0,0,0,0,0
NZ_CP136941.1,Klebsiella,1,1,0,0,2,family,CP136911.1,Hafnia,6,3,2,0,2,0,0,0,0
NZ_MN310369.1,Klebsiella,1,1,0,0,2,family,NZ_MT560002.1,Proteus,5,1,1,0,1,0,0,0,0
CP035908.1,Klebsiella,0,0,0,0,0,none,,,1,0,0,0,0,0,0,0,0
NZ_CP021206.1,Escherichia,0,0,0,0,0,none,,,0,0,0,0,0,0,0,0,0
NZ_MH995508.1,Enterobacter,1,1,0,0,2,family,NZ_MK123268.1,Serratia,45,44,12,0,11,1,0,0,0
NZ_CP041027.1,Salmonella,0,0,0,0,0,none,,,0,0,0,0,0,0,0,0,0
NZ_MZ546616.1,Klebsiella,1,1,0,0,2,family,NZ_CP096321.1,Providencia,34,20,9,0,9,0,0,0,0
NZ_MH011352.1,Klebsiella,0,0,0,0,0,none,,,0,0,0,0,0,0,0,0,0
NZ_CP019053.1,Escherichia,1,1,1,0,3,order,NZ_PP860831.1,Vibrio,9,9,1,1,0,1,0,1,0
NZ_MZ465532.1,Escherichia,0,0,0,0,0,none,,,0,0,0,0,0,0,0,0,0
NZ_CP129741.1,Klebsiella,0,0,0,0,0,none,,,9,0,0,0,0,0,0,0,0
NZ_CP099755.1,Escherichia,1,0,0,0,1,genus,NZ_CP099747.1,Klebsiella,3,2,0,0,0,0,0,0,0
NZ_CP018698.1,Klebsiella,0,0,0,0,0,none,,,6,0,0,0,0,0,0,0,0
NZ_CP114170.1,Klebsiella,1,0,0,0,1,genus,CP114351.1,Escherichia,13,4,0,0,0,0,0,0,0
NZ_CP024192.1,Klebsiella,0,0,0,0,0,none,,,3,0,0,0,0,0,0,0,0
CP082646.1,Salmonella,0,0,0,0,0,none,,,0,0,0,0,0,0,0,0,0
NZ_CP043215.1,Salmonella,1,0,0,0,1,genus,NZ_CP043190.1,Escherichia,5,2,0,0,0,0,0,0,0
NZ_CP022359.1,Shewanella,0,0,0,0,0,none,,,0,0,0,0,0,0,0,0,0
NZ_CP038330.1,Escherichia,1,0,0,0,1,genus,NZ_CP032496.1,Salmonella,1,1,0,0,0,0,0,0,0
NZ_CP070971.1,Klebsiella,0,0,0,0,0,none,,,6,0,0,0,0,0,0,0,0
NZ_CP054399.1,Klebsiella,1,1,1,0,3,order,NZ_PP860832.1,Vibrio,7,3,1,1,0,1,0,1,0
NZ_CP095570.1,Klebsiella,0,0,0,0,0,none,,,0,0,0,0,0,0,0,0,0
NZ_KX636095.1,Klebsiella,0,0,0,0,0,none,,,0,0,0,0,0,0,0,0,0
NZ_CP051400.1,Salmonella,0,0,0,0,0,none,,,2,0,0,0,0,0,0,0,0
NZ_LT985258.1,Escherichia,0,0,0,0,0,none,,,4,0,0,0,0,0,0,0,0
NZ_CP095599.1,Klebsiella,0,0,0,0,0,none,,,3,0,0,0,0,0,0,0,0
NZ_CP026405.1,Escherichia,0,0,0,0,0,none,,,0,0,0,0,0,0,0,0,0
LC613143.1,Klebsiella,0,0,0,0,0,none,,,1,0,0,0,0,0,0,0,0
NZ_CP138308.1,Salmonella,1,0,0,0,1,genus,NZ_MN175387.1,Klebsiella,6,5,0,0,0,0,0,0,0
NZ_CP032496.1,Salmonella,1,0,0,0,1,genus,NZ_CP038330.1,Escherichia,2,1,0,0,0,0,0,0,0
NZ_CP031297.1,Escherichia,0,0,0,0,0,none,,,1,0,0,0,0,0,0,0,0
NZ_CP040068.1,Escherichia,0,0,0,0,0,none,,,0,0,0,0,0,0,0,0,0
NZ_CP095620.1,Klebsiella,0,0,0,0,0,none,,,3,0,0,0,0,0,0,0,0
NZ_CP014966.1,Salmonella,0,0,0,0,0,none,,,0,0,0,0,0,0,0,0,0
NZ_CP029249.1,Salmonella,0,0,0,0,0,none,,,4,0,0,0,0,0,0,0,0
NZ_CP047280.1,Citrobacter,0,0,0,0,0,none,,,0,0,0,0,0,0,0,0,0
NZ_MZ670000.1,Providencia,1,1,1,0,3,order,NZ_OK067239.1,Vibrio,8,7,7,1,6,1,1,0,0
CP082643.1,Salmonella,0,0,0,0,0,none,,,0,0,0,0,0,0,0,0,0
NZ_CP032448.1,Salmonella,0,0,0,0,0,none,,,0,0,0,0,0,0,0,0,0
NZ_CP132696.1,Klebsiella,1,0,0,0,1,genus,NZ_CP032391.1,Salmonella,13,13,0,0,0,0,0,0,0
NZ_CP028197.1,Salmonella,0,0,0,0,0,none,,,0,0,0,0,0,0,0,0,0
NZ_AP028052.1,Phytobacter,1,0,0,0,1,genus,NZ_CP060954.1,Escherichia,4,1,0,0,0,0,0,0,0
NZ_KX786648.1,Enterobacter,1,1,0,0,2,family,NZ_CP096321.1,Providencia,25,24,7,0,7,0,0,0,0
CP067666.1,Klebsiella,1,1,0,0,2,family,NZ_CP109734.1,Providencia,12,6,1,0,1,0,0,0,0
NZ_MK439959.1,Escherichia,0,0,0,0,0,none,,,0,0,0,0,0,0,0,0,0
NZ_CP096321.1,Providencia,1,1,0,0,2,family,NC_019158.1,Klebsiella,50,41,40,0,29,11,0,0,0
NZ_AP024125.1,Escherichia,0,0,0,0,0,none,,,0,0,0,0,0,0,0,0,0
NZ_CP034402.1,Escherichia,0,0,0,0,0,none,,,0,0,0,0,0,0,0,0,0
NZ_CP079116.1,Klebsiella,0,0,0,0,0,none,,,1,0,0,0,0,0,0,0,0
NZ_CP047276.1,Citrobacter,0,0,0,0,0,none,,,2,0,0,0,0,0,0,0,0
NZ_CP104842.1,Enterobacter,1,1,0,0,2,family,NZ_CP109734.1,Providencia,12,12,1,0,1,0,0,0,0
NZ_CP047353.1,Proteus,0,0,0,0,0,none,,,2,0,0,0,0,0,0,0,0
NZ_MN647789.1,Salmonella,0,0,0,0,0,none,,,1,0,0,0,0,0,0,0,0
NZ_CP132656.1,Klebsiella,0,0,0,0,0,none,,,0,0,0,0,0,0,0,0,0
NZ_CP055249.1,Citrobacter,0,0,0,0,0,none,,,0,0,0,0,0,0,0,0,0
AP024350.1,Salmonella,0,0,0,0,0,none,,,1,0,0,0,0,0,0,0,0
CP082489.1,Salmonella,0,0,0,0,0,none,,,0,0,0,0,0,0,0,0,0
NZ_CP047272.1,Klebsiella,0,0,0,0,0,none,,,0,0,0,0,0,0,0,0,0
NZ_CP103711.1,Escherichia,0,0,0,0,0,none,,,0,0,0,0,0,0,0,0,0
NZ_CP032491.1,Salmonella,0,0,0,0,0,none,,,0,0,0,0,0,0,0,0,0
NZ_CP025144.1,Klebsiella,1,1,0,0,2,family,NZ_CP109734.1,Providencia,12,6,1,0,1,0,0,0,0
NZ_CP031576.1,Enterobacter,1,0,0,0,1,genus,NZ_CP032168.1,Klebsiella,4,2,0,0,0,0,0,0,0
NZ_CP009563.1,Salmonella,0,0,0,0,0,none,,,0,0,0,0,0,0,0,0,0
NZ_CP029118.1,Escherichia,0,0,0,0,0,none,,,0,0,0,0,0,0,0,0,0
NZ_CP028996.1,Klebsiella,1,1,0,0,2,family,NZ_MF150118.1,Proteus,50,2,1,0,1,0,0,0,0
NZ_CP025147.1,Klebsiella,1,1,0,0,2,family,NZ_CP109734.1,Providencia,12,6,1,0,1,0,0,0,0
NZ_CP082989.1,Klebsiella,0,0,0,0,0,none,,,0,0,0,0,0,0,0,0,0
CP082501.1,Salmonella,0,0,0,0,0,none,,,0,0,0,0,0,0,0,0,0
NZ_CP040039.1,Klebsiella,1,0,0,0,1,genus,NZ_LT985224.1,Escherichia,16,1,0,0,0,0,0,0,0
CP136911.1,Hafnia,1,1,0,0,2,family,CP136914.1,Escherichia,6,6,6,0,5,1,0,0,0
NZ_CP047278.1,Escherichia,0,0,0,0,0,none,,,0,0,0,0,0,0,0,0,0
NZ_CP092067.1,Edwardsiella,0,0,0,0,0,none,,,0,0,0,0,0,0,0,0,0
NZ_MF497432.1,Vibrio,0,0,0,0,0,none,,,0,0,0,0,0,0,0,0,0
NZ_CP119547.1,Providencia,0,0,0,0,0,none,,,0,0,0,0,0,0,0,0,0
NZ_MH263652.1,Providencia,1,1,0,0,2,family,NZ_JBRZFG010000002.1,Enterobacter,38,31,30,0,21,9,0,0,0
NZ_CP118945.1,Aeromonas,0,0,0,0,0,none,,,0,0,0,0,0,0,0,0,0
CP016036.1,Escherichia,0,0,0,0,0,none,,,0,0,0,0,0,0,0,0,0
NC_009139.1,Yersinia,0,0,0,0,0,none,,,0,0,0,0,0,0,0,0,0
NZ_CP080423.1,Salmonella,0,0,0,0,0,none,,,4,0,0,0,0,0,0,0,0
NZ_CP009564.1,Salmonella,1,0,0,0,1,genus,NZ_CP135682.1,Escherichia,7,2,0,0,0,0,0,0,0
NZ_CP027055.1,Klebsiella,0,0,0,0,0,none,,,0,0,0,0,0,0,0,0,0
NZ_CP129719.1,Klebsiella,1,1,0,0,2,family,NZ_MF150118.1,Proteus,50,2,1,0,1,0,0,0,0
NZ_CP018716.1,Klebsiella,0,0,0,0,0,none,,,6,0,0,0,0,0,0,0,0
NZ_CP117223.1,Klebsiella,1,1,0,0,2,family,NZ_CP096321.1,Providencia,32,17,7,0,7,0,0,0,0
NZ_MH457126.1,Vibrio,1,1,1,0,3,order,AP024844.2,Enterobacter,1,1,1,1,1,0,1,0,0
NZ_CP095593.1,Providencia,0,0,0,0,0,none,,,3,0,0,0,0,0,0,0,0
NZ_CP117732.1,Klebsiella,0,0,0,0,0,none,,,0,0,0,0,0,0,0,0,0
NZ_CP120532.1,Providencia,1,1,0,0,2,family,NZ_CP170977.1,Klebsiella,2,2,1,0,0,1,0,0,0
NZ_CP071071.1,Citrobacter,1,0,0,0,1,genus,NZ_CP071074.1,Escherichia,1,1,0,0,0,0,0,0,0
NZ_CP021835.1,Klebsiella,1,1,0,0,2,family,NZ_CP109734.1,Providencia,12,6,1,0,1,0,0,0,0
NZ_CP114326.1,Klebsiella,1,0,0,0,1,genus,CP114351.1,Escherichia,13,4,0,0,0,0,0,0,0
CP029718.1,Enterobacter,1,0,0,0,1,genus,NZ_CP032168.1,Klebsiella,6,3,0,0,0,0,0,0,0
NZ_CP090430.1,Klebsiella,0,0,0,0,0,none,,,0,0,0,0,0,0,0,0,0
NZ_CP119121.1,Escherichia,0,0,0,0,0,none,,,0,0,0,0,0,0,0,0,0
NZ_CP117391.1,Salmonella,0,0,0,0,0,none,,,11,0,0,0,0,0,0,0,0
NZ_OQ622010.1,Vibrio,0,0,0,0,0,none,,,0,0,0,0,0,0,0,0,0
NZ_KJ588779.1,Klebsiella,0,0,0,0,0,none,,,4,0,0,0,0,0,0,0,0
CP109726.1,Klebsiella,0,0,0,0,0,none,,,4,0,0,0,0,0,0,0,0
NZ_CP134037.1,Klebsiella,1,0,0,0,1,genus,NZ_LT985224.1,Escherichia,16,1,0,0,0,0,0,0,0
NZ_MN310375.1,Klebsiella,1,1,0,0,2,family,NZ_JBRZEW010000002.1,Proteus,20,15,9,0,7,2,0,0,0
NZ_CP032397.1,Salmonella,0,0,0,0,0,none,,,0,0,0,0,0,0,0,0,0
NZ_OQ658822.1,Salmonella,0,0,0,0,0,none,,,0,0,0,0,0,0,0,0,0
NZ_MK033499.1,Escherichia,0,0,0,0,0,none,,,0,0,0,0,0,0,0,0,0
LC807805.1,Escherichia,0,0,0,0,0,none,,,0,0,0,0,0,0,0,0,0
NZ_CP040024.1,Klebsiella,1,0,0,0,1,genus,NZ_LT985224.1,Escherichia,16,1,0,0,0,0,0,0,0
NZ_CP096324.1,Providencia,1,1,0,0,2,family,NC_019158.1,Klebsiella,50,41,40,0,29,11,0,0,0
NZ_CP036192.1,Klebsiella,0,0,0,0,0,none,,,1,0,0,0,0,0,0,0,0
NZ_CP071087.1,Klebsiella,0,0,0,0,0,none,,,0,0,0,0,0,0,0,0,0
NZ_CP015394.1,Klebsiella,1,0,0,0,1,genus,NZ_MT316184.1,Salmonella,2,1,0,0,0,0,0,0,0
NZ_KU997026.1,Escherichia,0,0,0,0,0,none,,,0,0,0,0,0,0,0,0,0
NZ_CP104637.1,Salmonella,1,0,0,0,1,genus,NZ_CP132696.1,Klebsiella,14,1,0,0,0,0,0,0,0
NZ_CP047350.1,Proteus,0,0,0,0,0,none,,,2,0,0,0,0,0,0,0,0
NZ_KM670336.1,Salmonella,0,0,0,0,0,none,,,0,0,0,0,0,0,0,0,0
NZ_CP018318.1,Klebsiella,0,0,0,0,0,none,,,6,0,0,0,0,0,0,0,0
NZ_CP010373.2,Escherichia,0,0,0,0,0,none,,,0,0,0,0,0,0,0,0,0
CP082607.1,Salmonella,0,0,0,0,0,none,,,11,0,0,0,0,0,0,0,0
NZ_CP009410.1,Salmonella,0,0,0,0,0,none,,,3,0,0,0,0,0,0,0,0
NZ_KU302802.1,Enterobacter,0,0,0,0,0,none,,,1,0,0,0,0,0,0,0,0
NZ_CP134042.1,Klebsiella,0,0,0,0,0,none,,,1,0,0,0,0,0,0,0,0
CP144326.1,Klebsiella,0,0,0,0,0,none,,,17,0,0,0,0,0,0,0,0
NZ_CP115724.1,Citrobacter,0,0,0,0,0,none,,,0,0,0,0,0,0,0,0,0
NZ_CP053782.1,Edwardsiella,0,0,0,0,0,none,,,0,0,0,0,0,0,0,0,0
NZ_CP087671.1,Klebsiella,1,1,1,0,3,order,NZ_PP860831.1,Vibrio,10,6,1,1,0,1,0,1,0
NZ_CP084543.1,Klebsiella,0,0,0,0,0,none,,,1,0,0,0,0,0,0,0,0
NZ_CP061931.1,Klebsiella,0,0,0,0,0,none,,,0,0,0,0,0,0,0,0,0
NC_021815.1,Salmonella,0,0,0,0,0,none,,,0,0,0,0,0,0,0,0,0
NZ_OQ658820.1,Salmonella,0,0,0,0,0,none,,,2,0,0,0,0,0,0,0,0
NZ_LT985228.1,Escherichia,0,0,0,0,0,none,,,4,0,0,0,0,0,0,0,0
NZ_CP117383.1,Salmonella,0,0,0,0,0,none,,,11,0,0,0,0,0,0,0,0
CP082616.1,Salmonella,0,0,0,0,0,none,,,0,0,0,0,0,0,0,0,0
NZ_CP131692.1,Klebsiella,1,0,0,0,1,genus,NZ_JBSJZJ010000002.1,Escherichia,3,1,0,0,0,0,0,0,0
NZ_LC536681.1,Klebsiella,0,0,0,0,0,none,,,1,0,0,0,0,0,0,0,0
NZ_CP032388.1,Salmonella,0,0,0,0,0,none,,,0,0,0,0,0,0,0,0,0
NZ_OR041628.1,Escherichia,0,0,0,0,0,none,,,2,0,0,0,0,0,0,0,0
NZ_CP132611.1,Klebsiella,1,1,0,0,2,family,NZ_CP096321.1,Providencia,50,28,13,0,12,1,0,0,0
NZ_MN647788.1,Salmonella,0,0,0,0,0,none,,,2,0,0,0,0,0,0,0,0
NZ_AP028048.1,Phytobacter,1,0,0,0,1,genus,NZ_CP060954.1,Escherichia,4,1,0,0,0,0,0,0,0
NZ_AP022400.1,Citrobacter,0,0,0,0,0,none,,,3,0,0,0,0,0,0,0,0
NZ_AP014634.1,Salmonella,0,0,0,0,0,none,,,4,0,0,0,0,0,0,0,0
NZ_CP107062.1,Escherichia,1,1,0,0,2,family,NZ_CP096321.1,Providencia,49,43,13,0,12,1,0,0,0
NZ_MK205416.1,Salmonella,0,0,0,0,0,none,,,8,0,0,0,0,0,0,0,0
NZ_CP100703.1,Salmonella,0,0,0,0,0,none,,,4,0,0,0,0,0,0,0,0
NZ_CP157154.1,Escherichia,0,0,0,0,0,none,,,0,0,0,0,0,0,0,0,0
NZ_CP129738.1,Klebsiella,1,1,0,0,2,family,NZ_MF150118.1,Proteus,50,2,1,0,1,0,0,0,0
NZ_LT985253.1,Escherichia,0,0,0,0,0,none,,,4,0,0,0,0,0,0,0,0
CP082483.1,Salmonella,0,0,0,0,0,none,,,0,0,0,0,0,0,0,0,0
NZ_CP079173.1,Klebsiella,0,0,0,0,0,none,,,1,0,0,0,0,0,0,0,0
NZ_MT559991.1,Escherichia,0,0,0,0,0,none,,,0,0,0,0,0,0,0,0,0
CP082575.1,Salmonella,0,0,0,0,0,none,,,0,0,0,0,0,0,0,0,0
NZ_CP026225.1,Aeromonas,0,0,0,0,0,none,,,0,0,0,0,0,0,0,0,0
NZ_OQ362291.1,Klebsiella,0,0,0,0,0,none,,,0,0,0,0,0,0,0,0,0
NZ_CP071074.1,Escherichia,1,0,0,0,1,genus,NZ_CP071071.1,Citrobacter,1,1,0,0,0,0,0,0,0
NZ_CP025141.1,Klebsiella,1,1,0,0,2,family,NZ_CP109734.1,Providencia,11,5,1,0,1,0,0,0,0
NZ_CP051316.1,Salmonella,1,0,0,0,1,genus,NZ_CP077461.1,Escherichia,5,2,0,0,0,0,0,0,0
NZ_CP137231.1,Proteus,1,1,0,0,2,family,NZ_CP137204.1,Citrobacter,15,15,10,0,7,3,0,0,0
CP110604.1,Klebsiella,0,0,0,0,0,none,,,7,0,0,0,0,0,0,0,0
NZ_MN310377.1,Klebsiella,0,0,0,0,0,none,,,0,0,0,0,0,0,0,0,0
NZ_CP100740.1,Salmonella,0,0,0,0,0,none,,,0,0,0,0,0,0,0,0,0
NZ_CP095763.1,Klebsiella,1,0,0,0,1,genus,NZ_CP047308.1,Citrobacter,3,1,0,0,0,0,0,0,0
NZ_MN310378.1,Klebsiella,0,0,0,0,0,none,,,0,0,0,0,0,0,0,0,0
NZ_CP095777.1,Klebsiella,0,0,0,0,0,none,,,0,0,0,0,0,0,0,0,0
NZ_CP144317.1,Klebsiella,1,1,0,0,2,family,NZ_MF150118.1,Proteus,45,2,1,0,1,0,0,0,0
NZ_ON209152.1,Enterobacter,1,1,1,0,3,order,NZ_OK067239.1,Vibrio,8,5,3,1,3,0,1,0,0
NZ_CP099750.1,Klebsiella,1,0,0,0,1,genus,NZ_CP099753.1,Escherichia,3,2,0,0,0,0,0,0,0
NZ_CP133884.1,Klebsiella,1,0,0,0,1,genus,NZ_LT985224.1,Escherichia,16,1,0,0,0,0,0,0,0
AP024844.2,Enterobacter,1,1,1,0,3,order,NZ_MH457126.1,Vibrio,1,1,1,1,1,0,1,0,0
NZ_CP032192.1,Salmonella,0,0,0,0,0,none,,,0,0,0,0,0,0,0,0,0
NZ_CP053105.1,Enterobacter,0,0,0,0,0,none,,,0,0,0,0,0,0,0,0,0
NZ_OW443149.1,Vibrio,0,0,0,0,0,none,,,3,0,0,0,0,0,0,0,0
CP134892.1,Escherichia,0,0,0,0,0,none,,,0,0,0,0,0,0,0,0,0
NZ_MT559994.1,Escherichia,1,1,1,0,3,order,CP028419.1,Aeromonas,6,5,4,3,4,0,3,0,0
NZ_CP035548.1,Salmonella,0,0,0,0,0,none,,,0,0,0,0,0,0,0,0,0
NZ_CP117352.1,Salmonella,0,0,0,0,0,none,,,8,0,0,0,0,0,0,0,0
NZ_CP114322.1,Klebsiella,1,0,0,0,1,genus,CP114351.1,Escherichia,13,4,0,0,0,0,0,0,0
NZ_KJ187752.1,Klebsiella,0,0,0,0,0,none,,,0,0,0,0,0,0,0,0,0
NZ_CP134000.1,Klebsiella,1,0,0,0,1,genus,NZ_LT985224.1,Escherichia,16,1,0,0,0,0,0,0,0
NZ_MK638972.1,Escherichia,1,0,0,0,1,genus,NZ_JAHBNM010000004.1,Klebsiella,5,4,0,0,0,0,0,0,0
NZ_MT559999.1,Klebsiella,0,0,0,0,0,none,,,0,0,0,0,0,0,0,0,0
NZ_CP134785.1,Vibrio,0,0,0,0,0,none,,,0,0,0,0,0,0,0,0,0
NZ_CP021956.1,Klebsiella,0,0,0,0,0,none,,,0,0,0,0,0,0,0,0,0
NZ_CP007636.1,Vibrio,0,0,0,0,0,none,,,0,0,0,0,0,0,0,0,0
NZ_CP048384.1,Citrobacter,0,0,0,0,0,none,,,0,0,0,0,0,0,0,0,0
NZ_KY986974.1,Citrobacter,0,0,0,0,0,none,,,0,0,0,0,0,0,0,0,0
CP082737.1,Salmonella,0,0,0,0,0,none,,,0,0,0,0,0,0,0,0,0
CP110595.1,Klebsiella,0,0,0,0,0,none,,,7,0,0,0,0,0,0,0,0
NZ_LS992184.1,Citrobacter,0,0,0,0,0,none,,,0,0,0,0,0,0,0,0,0
NZ_CP114802.1,Citrobacter,0,0,0,0,0,none,,,0,0,0,0,0,0,0,0,0
NZ_CP071069.1,Providencia,0,0,0,0,0,none,,,0,0,0,0,0,0,0,0,0
CP082437.1,Salmonella,0,0,0,0,0,none,,,0,0,0,0,0,0,0,0,0
NZ_CP138306.1,Salmonella,1,0,0,0,1,genus,NZ_MN175387.1,Klebsiella,6,5,0,0,0,0,0,0,0
NZ_CP115616.1,Citrobacter,1,1,0,0,2,family,NZ_CP109734.1,Providencia,12,11,1,0,1,0,0,0,0
NZ_CP051395.1,Salmonella,0,0,0,0,0,none,,,1,0,0,0,0,0,0,0,0
CP082410.1,Salmonella,0,0,0,0,0,none,,,0,0,0,0,0,0,0,0,0
CP026281.1,Klebsiella,0,0,0,0,0,none,,,0,0,0,0,0,0,0,0,0
NZ_OP905631.1,Salmonella,0,0,0,0,0,none,,,1,0,0,0,0,0,0,0,0
NZ_CP011429.1,Salmonella,0,0,0,0,0,none,,,0,0,0,0,0,0,0,0,0
NZ_KJ802404.1,Escherichia,0,0,0,0,0,none,,,2,0,0,0,0,0,0,0,0
NZ_CP096333.1,Providencia,0,0,0,0,0,none,,,3,0,0,0,0,0,0,0,0
CP082479.1,Salmonella,1,0,0,0,1,genus,NZ_CP135682.1,Escherichia,5,1,0,0,0,0,0,0,0
NZ_CP086224.1,Escherichia,0,0,0,0,0,none,,,1,0,0,0,0,0,0,0,0
NZ_LR890256.1,Klebsiella,0,0,0,0,0,none,,,7,0,0,0,0,0,0,0,0
NZ_CP096167.1,Shewanella,0,0,0,0,0,none,,,0,0,0,0,0,0,0,0,0
NZ_CP104682.1,Escherichia,0,0,0,0,0,none,,,0,0,0,0,0,0,0,0,0
NZ_CP114334.1,Klebsiella,1,0,0,0,1,genus,CP114351.1,Escherichia,13,4,0,0,0,0,0,0,0
NZ_MK388209.1,Escherichia,0,0,0,0,0,none,,,0,0,0,0,0,0,0,0,0
NZ_CP027679.1,Salmonella,0,0,0,0,0,none,,,1,0,0,0,0,0,0,0,0
NZ_CP095588.1,Klebsiella,0,0,0,0,0,none,,,0,0,0,0,0,0,0,0,0
NZ_MN101853.1,Escherichia,1,0,0,0,1,genus,NZ_CP138306.1,Salmonella,4,3,0,0,0,0,0,0,0
CP063757.1,Salmonella,0,0,0,0,0,none,,,8,0,0,0,0,0,0,0,0
NZ_CP129811.1,Klebsiella,0,0,0,0,0,none,,,10,0,0,0,0,0,0,0,0
NZ_CP021936.1,Escherichia,1,1,0,0,2,family,NZ_CP096321.1,Providencia,50,43,13,0,12,1,0,0,0
NZ_AP014939.1,Citrobacter,0,0,0,0,0,none,,,0,0,0,0,0,0,0,0,0
NZ_CP030720.1,Klebsiella,0,0,0,0,0,none,,,7,0,0,0,0,0,0,0,0
NZ_CP050727.1,Salmonella,0,0,0,0,0,none,,,0,0,0,0,0,0,0,0,0
CP083494.1,Escherichia,0,0,0,0,0,none,,,1,0,0,0,0,0,0,0,0
NC_021667.1,Klebsiella,0,0,0,0,0,none,,,7,0,0,0,0,0,0,0,0
NZ_OQ821021.1,Escherichia,0,0,0,0,0,none,,,0,0,0,0,0,0,0,0,0
NZ_CP149999.1,Klebsiella,0,0,0,0,0,none,,,0,0,0,0,0,0,0,0,0
NZ_CP117389.1,Salmonella,0,0,0,0,0,none,,,11,0,0,0,0,0,0,0,0
NZ_CP114356.1,Klebsiella,0,0,0,0,0,none,,,0,0,0,0,0,0,0,0,0
NZ_MK101346.1,Citrobacter,0,0,0,0,0,none,,,0,0,0,0,0,0,0,0,0
NZ_MK205418.1,Salmonella,0,0,0,0,0,none,,,7,0,0,0,0,0,0,0,0
NZ_CP060509.1,Salmonella,0,0,0,0,0,none,,,1,0,0,0,0,0,0,0,0
NZ_CP129793.1,Klebsiella,0,0,0,0,0,none,,,17,0,0,0,0,0,0,0,0
NZ_CP038466.1,Aeromonas,1,1,1,0,3,order,NZ_ON023483.1,Klebsiella,6,4,4,4,4,0,4,0,0
NZ_MN148427.1,Proteus,1,1,0,0,2,family,NZ_CP011540.1,Klebsiella,5,5,5,0,5,0,0,0,0
NZ_CP101908.1,Salmonella,1,1,1,0,3,order,NZ_KJ909290.1,Aeromonas,8,3,1,1,1,0,1,0,0
CP082395.1,Salmonella,0,0,0,0,0,none,,,0,0,0,0,0,0,0,0,0
NZ_CP044075.1,Providencia,0,0,0,0,0,none,,,0,0,0,0,0,0,0,0,0
NZ_CP018710.1,Klebsiella,0,0,0,0,0,none,,,6,0,0,0,0,0,0,0,0
NZ_MF344572.1,Enterobacter,0,0,0,0,0,none,,,0,0,0,0,0,0,0,0,0
NZ_CP014978.1,Salmonella,1,0,0,0,1,genus,NZ_CP132696.1,Klebsiella,14,1,0,0,0,0,0,0,0
NZ_MN207908.1,Klebsiella,0,0,0,0,0,none,,,1,0,0,0,0,0,0,0,0
NZ_CP021695.1,Proteus,0,0,0,0,0,none,,,0,0,0,0,0,0,0,0,0
NZ_CP065454.1,Klebsiella,1,1,0,0,2,family,NZ_MF150118.1,Proteus,50,2,1,0,1,0,0,0,0
CP009868.1,Pantoea,0,0,0,0,0,none,,,0,0,0,0,0,0,0,0,0
NZ_CP155673.1,Klebsiella,0,0,0,0,0,none,,,0,0,0,0,0,0,0,0,0
NZ_ON209153.1,Enterobacter,1,1,1,0,3,order,NZ_OK067239.1,Vibrio,8,5,3,1,3,0,1,0,0
NZ_CP040029.1,Klebsiella,1,1,0,0,2,family,NZ_MF150118.1,Proteus,50,2,1,0,1,0,0,0,0
NZ_CP129801.1,Klebsiella,0,0,0,0,0,none,,,17,0,0,0,0,0,0,0,0
NZ_CP096375.1,Providencia,0,0,0,0,0,none,,,0,0,0,0,0,0,0,0,0
NZ_MT316183.1,Escherichia,0,0,0,0,0,none,,,1,0,0,0,0,0,0,0,0
NZ_CP093318.1,Escherichia,0,0,0,0,0,none,,,0,0,0,0,0,0,0,0,0
NZ_CP155645.1,Klebsiella,0,0,0,0,0,none,,,0,0,0,0,0,0,0,0,0
NZ_KY014465.1,Vibrio,0,0,0,0,0,none,,,1,0,0,0,0,0,0,0,0
NZ_CP020913.1,Salmonella,0,0,0,0,0,none,,,0,0,0,0,0,0,0,0,0
NZ_MH001166.1,Escherichia,1,0,0,0,1,genus,NZ_MH892479.1,Citrobacter,2,1,0,0,0,0,0,0,0
NZ_CP047282.1,Klebsiella,0,0,0,0,0,none,,,0,0,0,0,0,0,0,0,0
NZ_CP049291.1,Enterobacter,0,0,0,0,0,none,,,0,0,0,0,0,0,0,0,0
LC807804.1,Escherichia,0,0,0,0,0,none,,,0,0,0,0,0,0,0,0,0
NZ_MK733575.1,Escherichia,1,0,0,0,1,genus,NZ_JAHBNM010000004.1,Klebsiella,5,4,0,0,0,0,0,0,0
NZ_CP138530.1,Klebsiella,1,1,1,0,3,order,NZ_OK067239.1,Vibrio,8,8,3,1,3,0,1,0,0
NZ_MF150123.1,Klebsiella,1,0,0,0,1,genus,NZ_LT985224.1,Escherichia,16,1,0,0,0,0,0,0,0
NZ_CP024824.1,Escherichia,0,0,0,0,0,none,,,1,0,0,0,0,0,0,0,0
NZ_OK067239.1,Vibrio,1,1,1,0,3,order,NZ_CP138530.1,Klebsiella,8,8,8,8,7,1,7,1,0
NZ_CP046773.1,Vibrio,0,0,0,0,0,none,,,0,0,0,0,0,0,0,0,0
NZ_MH917284.1,Klebsiella,0,0,0,0,0,none,,,6,0,0,0,0,0,0,0,0
CP082513.1,Salmonella,1,0,0,0,1,genus,NZ_CP077461.1,Escherichia,3,1,0,0,0,0,0,0,0
CP008790.1,Klebsiella,0,0,0,0,0,none,,,0,0,0,0,0,0,0,0,0
NZ_MT151380.1,Vibrio,0,0,0,0,0,none,,,0,0,0,0,0,0,0,0,0
NZ_CP044962.1,Salmonella,0,0,0,0,0,none,,,0,0,0,0,0,0,0,0,0
NZ_CP047703.1,Klebsiella,0,0,0,0,0,none,,,0,0,0,0,0,0,0,0,0
NZ_CP131681.1,Klebsiella,1,1,0,0,2,family,NZ_MF150118.1,Proteus,50,2,1,0,1,0,0,0,0
NZ_CP014775.1,Aeromonas,0,0,0,0,0,none,,,0,0,0,0,0,0,0,0,0
NZ_LC055503.1,Klebsiella,0,0,0,0,0,none,,,0,0,0,0,0,0,0,0,0
NZ_CP022063.1,Salmonella,0,0,0,0,0,none,,,0,0,0,0,0,0,0,0,0
NZ_LT985224.1,Escherichia,1,0,0,0,1,genus,NZ_CP186948.1,Klebsiella,16,16,0,0,0,0,0,0,0
NZ_CP139498.1,Klebsiella,0,0,0,0,0,none,,,0,0,0,0,0,0,0,0,0
CP082440.1,Salmonella,0,0,0,0,0,none,,,2,0,0,0,0,0,0,0,0
NZ_CP114797.1,Providencia,1,1,1,0,3,order,NZ_OK067239.1,Vibrio,8,7,7,1,6,1,1,0,0
CP137447.1,Klebsiella,1,1,0,0,2,family,CP136911.1,Hafnia,6,3,2,0,2,0,0,0,0
CP123701.1,Salmonella,1,0,0,0,1,genus,NZ_CP157163.1,Escherichia,2,2,0,0,0,0,0,0,0
NZ_CP114306.1,Klebsiella,0,0,0,0,0,none,,,0,0,0,0,0,0,0,0,0
NZ_CP133877.1,Klebsiella,1,1,0,0,2,family,NZ_MF150118.1,Proteus,50,2,1,0,1,0,0,0,0
NZ_CP086424.1,Klebsiella,0,0,0,0,0,none,,,7,0,0,0,0,0,0,0,0
LC744494.1,Escherichia,0,0,0,0,0,none,,,0,0,0,0,0,0,0,0,0
NZ_CP110913.1,Citrobacter,0,0,0,0,0,none,,,1,0,0,0,0,0,0,0,0
NZ_CP024536.1,Klebsiella,0,0,0,0,0,none,,,4,0,0,0,0,0,0,0,0
NZ_CP106909.1,Klebsiella,0,0,0,0,0,none,,,1,0,0,0,0,0,0,0,0
NZ_CP016864.1,Salmonella,0,0,0,0,0,none,,,0,0,0,0,0,0,0,0,0
NZ_KX709966.1,Pseudomonas,1,1,1,0,3,order,NZ_KX156772.1,Escherichia,1,1,1,1,1,0,1,0,0
NZ_CP082956.1,Salmonella,1,1,1,0,3,order,NZ_KY399978.1,Vibrio,1,1,1,1,1,0,1,0,0
NZ_ON209151.1,Enterobacter,0,0,0,0,0,none,,,0,0,0,0,0,0,0,0,0
NZ_CP109734.1,Providencia,1,1,0,0,2,family,CP067666.1,Klebsiella,12,12,12,0,10,2,0,0,0
NZ_CP114330.1,Klebsiella,1,0,0,0,1,genus,CP114351.1,Escherichia,13,4,0,0,0,0,0,0,0
NZ_LT985260.1,Escherichia,0,0,0,0,0,none,,,4,0,0,0,0,0,0,0,0
NZ_MH995507.1,Klebsiella,1,1,0,0,2,family,NZ_MK123268.1,Serratia,45,24,12,0,11,1,0,0,0
NZ_CP129765.1,Klebsiella,0,0,0,0,0,none,,,0,0,0,0,0,0,0,0,0
NZ_CP086432.1,Klebsiella,0,0,0,0,0,none,,,2,0,0,0,0,0,0,0,0
NZ_CP109964.1,Klebsiella,0,0,0,0,0,none,,,0,0,0,0,0,0,0,0,0
NZ_MK123268.1,Serratia,1,1,0,0,2,family,NZ_MH995506.1,Citrobacter,45,44,44,0,35,9,0,0,0
NZ_CP023948.1,Klebsiella,0,0,0,0,0,none,,,0,0,0,0,0,0,0,0,0
NZ_KX156772.1,Escherichia,1,1,1,0,3,order,NZ_KX709966.1,Pseudomonas,1,1,1,1,1,0,1,0,0
NZ_CP129746.1,Klebsiella,0,0,0,0,0,none,,,9,0,0,0,0,0,0,0,0
NZ_CP131702.1,Klebsiella,1,1,0,0,2,family,NZ_MF150118.1,Proteus,50,2,1,0,1,0,0,0,0
NZ_LR890428.1,Klebsiella,0,0,0,0,0,none,,,7,0,0,0,0,0,0,0,0
CP082452.1,Salmonella,0,0,0,0,0,none,,,13,0,0,0,0,0,0,0,0
NZ_CP032414.1,Shewanella,1,1,1,0,3,order,NZ_CP031106.1,Escherichia,6,2,2,2,1,1,1,1,0
NZ_KX869741.1,Enterobacter,0,0,0,0,0,none,,,1,0,0,0,0,0,0,0,0
NZ_CP031106.1,Escherichia,1,1,1,0,3,order,NZ_CP032414.1,Shewanella,9,5,5,5,2,3,2,3,0
NZ_CP065118.1,Salmonella,1,1,0,0,2,family,NZ_MF150118.1,Proteus,50,50,1,0,1,0,0,0,0
NZ_MF150118.1,Proteus,1,1,0,0,2,family,NZ_CP065118.1,Salmonella,50,50,50,0,24,26,0,0,0
NZ_CP030304.1,Klebsiella,1,1,0,0,2,family,NZ_MT560002.1,Proteus,4,2,1,0,1,0,0,0,0
NZ_CP009413.1,Salmonella,0,0,0,0,0,none,,,1,0,0,0,0,0,0,0,0
NZ_MF627444.1,Vibrio,0,0,0,0,0,none,,,0,0,0,0,0,0,0,0,0
NZ_CP013324.1,Klebsiella,0,0,0,0,0,none,,,0,0,0,0,0,0,0,0,0
CP082375.1,Salmonella,0,0,0,0,0,none,,,0,0,0,0,0,0,0,0,0
NZ_CP117339.1,Salmonella,1,0,0,0,1,genus,NZ_CP132696.1,Klebsiella,14,1,0,0,0,0,0,0,0
NZ_CP020049.1,Escherichia,0,0,0,0,0,none,,,0,0,0,0,0,0,0,0,0
LC744445.1,Escherichia,0,0,0,0,0,none,,,0,0,0,0,0,0,0,0,0
CP082546.1,Salmonella,1,0,0,0,1,genus,NZ_CP132696.1,Klebsiella,14,1,0,0,0,0,0,0,0
NZ_CP030727.1,Klebsiella,0,0,0,0,0,none,,,7,0,0,0,0,0,0,0,0
NZ_CP054305.1,Klebsiella,0,0,0,0,0,none,,,0,0,0,0,0,0,0,0,0
NZ_MH995506.1,Citrobacter,1,1,0,0,2,family,NZ_MK123268.1,Serratia,45,44,12,0,11,1,0,0,0
NZ_OL804390.1,Klebsiella,0,0,0,0,0,none,,,0,0,0,0,0,0,0,0,0
NZ_CP016013.1,Salmonella,0,0,0,0,0,none,,,0,0,0,0,0,0,0,0,0
NZ_CP024529.1,Klebsiella,0,0,0,0,0,none,,,3,0,0,0,0,0,0,0,0
NC_008612.1,Photobacterium,0,0,0,0,0,none,,,1,0,0,0,0,0,0,0,0
NZ_AP022080.1,Klebsiella,0,0,0,0,0,none,,,0,0,0,0,0,0,0,0,0
NZ_OL348380.1,Escherichia,0,0,0,0,0,none,,,0,0,0,0,0,0,0,0,0
NZ_CP084417.1,Klebsiella,0,0,0,0,0,none,,,1,0,0,0,0,0,0,0,0
NZ_CP018689.1,Klebsiella,0,0,0,0,0,none,,,6,0,0,0,0,0,0,0,0
NZ_CP101857.1,Salmonella,0,0,0,0,0,none,,,0,0,0,0,0,0,0,0,0
NZ_CP096327.1,Providencia,1,1,0,0,2,family,NC_019158.1,Klebsiella,50,41,40,0,29,11,0,0,0
NZ_MN175387.1,Klebsiella,1,0,0,0,1,genus,NZ_CP138306.1,Salmonella,4,4,0,0,0,0,0,0,0
NZ_CP129842.1,Klebsiella,0,0,0,0,0,none,,,17,0,0,0,0,0,0,0,0
NZ_CP129834.1,Klebsiella,0,0,0,0,0,none,,,0,0,0,0,0,0,0,0,0
NZ_CP089878.1,Klebsiella,0,0,0,0,0,none,,,0,0,0,0,0,0,0,0,0
NZ_CP076553.1,Klebsiella,0,0,0,0,0,none,,,0,0,0,0,0,0,0,0,0
NZ_CP051360.1,Salmonella,0,0,0,0,0,none,,,1,0,0,0,0,0,0,0,0
NZ_KY014464.1,Vibrio,0,0,0,0,0,none,,,0,0,0,0,0,0,0,0,0
NZ_CP117377.1,Salmonella,0,0,0,0,0,none,,,11,0,0,0,0,0,0,0,0
NC_012693.1,Salmonella,1,0,0,0,1,genus,NZ_CP132696.1,Klebsiella,14,1,0,0,0,0,0,0,0
NZ_CP086417.1,Klebsiella,0,0,0,0,0,none,,,2,0,0,0,0,0,0,0,0
NZ_KY014466.1,Vibrio,0,0,0,0,0,none,,,0,0,0,0,0,0,0,0,0
NZ_AP024348.1,Salmonella,0,0,0,0,0,none,,,1,0,0,0,0,0,0,0,0
NZ_OR095745.1,Salmonella,1,0,0,0,1,genus,NZ_CP032238.1,Escherichia,2,1,0,0,0,0,0,0,0
NZ_CP032385.1,Salmonella,0,0,0,0,0,none,,,8,0,0,0,0,0,0,0,0
NZ_CP047345.1,Proteus,0,0,0,0,0,none,,,2,0,0,0,0,0,0,0,0
NZ_KP276584.1,Escherichia,0,0,0,0,0,none,,,0,0,0,0,0,0,0,0,0
NZ_CP114166.1,Klebsiella,1,0,0,0,1,genus,CP114351.1,Escherichia,13,4,0,0,0,0,0,0,0
NZ_OQ622009.1,Vibrio,0,0,0,0,0,none,,,0,0,0,0,0,0,0,0,0
NZ_LC556211.1,Enterobacter,0,0,0,0,0,none,,,0,0,0,0,0,0,0,0,0
AP026557.1,Vibrio,0,0,0,0,0,none,,,1,0,0,0,0,0,0,0,0
NZ_CP095164.1,Edwardsiella,0,0,0,0,0,none,,,0,0,0,0,0,0,0,0,0
NZ_CP025236.1,Salmonella,1,0,0,0,1,genus,NZ_CP135682.1,Escherichia,4,1,0,0,0,0,0,0,0
NZ_CP038322.1,Escherichia,0,0,0,0,0,none,,,2,0,0,0,0,0,0,0,1
NZ_CP086440.1,Klebsiella,0,0,0,0,0,none,,,7,0,0,0,0,0,0,0,0
NZ_CP038464.1,Aeromonas,1,1,1,0,3,order,NZ_ON023483.1,Klebsiella,6,4,4,4,4,0,4,0,0
NC_019380.1,Aeromonas,0,0,0,0,0,none,,,0,0,0,0,0,0,0,0,0
NZ_MT559998.1,Citrobacter,0,0,0,0,0,none,,,0,0,0,0,0,0,0,0,0
NZ_CP045517.1,Salmonella,0,0,0,0,0,none,,,8,0,0,0,0,0,0,0,0
NZ_CP085731.1,Klebsiella,0,0,0,0,0,none,,,0,0,0,0,0,0,0,0,0
NZ_CP117395.1,Salmonella,0,0,0,0,0,none,,,11,0,0,0,0,0,0,0,0
CP143338.1,Enterobacter,1,0,0,0,1,genus,NZ_CP114318.1,Klebsiella,13,12,0,0,0,0,0,0,0
NZ_CP025275.1,Salmonella,1,0,0,0,1,genus,NZ_CP135682.1,Escherichia,5,1,0,0,0,0,0,0,0
KU160531.1,Vibrio,0,0,0,0,0,none,,,0,0,0,0,0,0,0,0,0
NZ_CP044189.1,Salmonella,0,0,0,0,0,none,,,0,0,0,0,0,0,0,0,0
NZ_KU356480.1,Vibrio,0,0,0,0,0,none,,,0,0,0,0,0,0,0,0,0
NZ_CP015139.1,Escherichia,0,0,0,0,0,none,,,0,0,0,0,0,0,0,0,0
NZ_MN477204.1,Escherichia,0,0,0,0,0,none,,,1,0,0,0,0,0,0,0,0
NZ_KP056256.1,Escherichia,0,0,0,0,0,none,,,0,0,0,0,0,0,0,0,0
NZ_CP095572.1,Klebsiella,0,0,0,0,0,none,,,0,0,0,0,0,0,0,0,0
NZ_AP026942.1,Citrobacter,1,1,1,0,3,order,NZ_MN380474.1,Vibrio,2,2,1,1,1,0,1,0,0
NZ_CP065463.1,Klebsiella,0,0,0,0,0,none,,,17,0,0,0,0,0,0,0,0
NZ_LT985225.1,Escherichia,1,1,0,0,2,family,NZ_MN148427.1,Proteus,5,3,1,0,1,0,0,0,0
NZ_ON390810.1,Proteus,0,0,0,0,0,none,,,0,0,0,0,0,0,0,0,0
NZ_CP021719.1,Escherichia,0,0,0,0,0,none,,,0,0,0,0,0,0,0,0,0
NZ_CP079626.1,Klebsiella,0,0,0,0,0,none,,,1,0,0,0,0,0,0,0,0
NZ_LT985244.1,Escherichia,0,0,0,0,0,none,,,0,0,0,0,0,0,0,0,0
NZ_CP006665.1,Edwardsiella,0,0,0,0,0,none,,,0,0,0,0,0,0,0,0,0
NZ_CP139431.1,Providencia,0,0,0,0,0,none,,,0,0,0,0,0,0,0,0,0
NZ_CP015835.1,Escherichia,1,1,0,0,2,family,NZ_CP096321.1,Providencia,50,43,13,0,12,1,0,0,0
NZ_CP129815.1,Klebsiella,0,0,0,0,0,none,,,10,0,0,0,0,0,0,0,0
NZ_LN681228.1,Xenorhabdus,0,0,0,0,0,none,,,0,0,0,0,0,0,0,0,0
NZ_CP029743.1,Escherichia,0,0,0,0,0,none,,,0,0,0,0,0,0,0,0,0
NZ_CP117366.1,Salmonella,1,0,0,0,1,genus,NZ_CP132696.1,Klebsiella,14,1,0,0,0,0,0,0,0
NZ_CP079631.1,Klebsiella,0,0,0,0,0,none,,,1,0,0,0,0,0,0,0,0
AP028979.1,Xenorhabdus,0,0,0,0,0,none,,,0,0,0,0,0,0,0,0,0
NZ_CP018704.1,Klebsiella,0,0,0,0,0,none,,,6,0,0,0,0,0,0,0,0
NC_022652.1,Klebsiella,0,0,0,0,0,none,,,0,0,0,0,0,0,0,0,0
NZ_CP032395.1,Salmonella,0,0,0,0,0,none,,,0,0,0,0,0,0,0,0,0
NZ_CP024571.1,Klebsiella,0,0,0,0,0,none,,,4,0,0,0,0,0,0,0,0
NZ_CP096365.1,Providencia,0,0,0,0,0,none,,,3,0,0,0,0,0,0,0,0
NZ_CP090205.1,Klebsiella,1,1,0,0,2,family,NZ_CP096321.1,Providencia,34,20,9,0,9,0,0,0,0
NZ_LR890704.1,Klebsiella,0,0,0,0,0,none,,,7,0,0,0,0,0,0,0,0
NZ_OQ750828.1,Providencia,1,1,0,0,2,family,NZ_CP161848.1,Klebsiella,31,24,24,0,16,8,0,0,0
NZ_CP117363.1,Salmonella,0,0,0,0,0,none,,,2,0,0,0,0,0,0,0,0
CP082551.1,Salmonella,0,0,0,0,0,none,,,0,0,0,0,0,0,0,0,0
NZ_CP110899.1,Citrobacter,0,0,0,0,0,none,,,1,0,0,0,0,0,0,0,0
NZ_CP050164.1,Klebsiella,1,1,0,0,2,family,NZ_CP096321.1,Providencia,50,28,13,0,12,1,0,0,0
NZ_CP097667.1,Klebsiella,0,0,0,0,0,none,,,1,0,0,0,0,0,0,0,0
NZ_HQ023864.1,Escherichia,1,0,0,0,1,genus,NC_009140.1,Salmonella,5,1,0,0,0,0,0,0,0
NZ_MH105050.1,Salmonella,0,0,0,0,0,none,,,0,0,0,0,0,0,0,0,0
NZ_OU015341.1,Salmonella,0,0,0,0,0,none,,,0,0,0,0,0,0,0,0,0
NZ_CP122581.1,Klebsiella,1,1,0,0,2,family,NZ_MF150118.1,Proteus,50,2,1,0,1,0,0,0,0
NZ_CP156714.1,Salmonella,0,0,0,0,0,none,,,8,0,0,0,0,0,0,0,0
NZ_CP129787.1,Klebsiella,1,1,0,0,2,family,NZ_MF150118.1,Proteus,50,2,1,0,1,0,0,0,0
NZ_MG252895.1,Escherichia,0,0,0,0,0,none,,,0,0,0,0,0,0,0,0,0
NZ_CP080425.1,Salmonella,0,0,0,0,0,none,,,0,0,0,0,0,0,0,0,0
AP028575.1,Serratia,0,0,0,0,0,none,,,0,0,0,0,0,0,0,0,0
NZ_CP045459.1,Salmonella,0,0,0,0,0,none,,,9,0,0,0,0,0,0,0,0
NZ_OR257470.1,Escherichia,1,0,0,0,1,genus,NZ_CP138306.1,Salmonella,4,3,0,0,0,0,0,0,0
NZ_CP129760.1,Klebsiella,1,1,0,0,2,family,NZ_MF150118.1,Proteus,50,2,1,0,1,0,0,0,0
NZ_OM975890.1,Klebsiella,0,0,0,0,0,none,,,0,0,0,0,0,0,0,0,0
NZ_CP079693.1,Klebsiella,0,0,0,0,0,none,,,3,0,0,0,0,0,0,0,0
NZ_ON023483.1,Klebsiella,1,1,1,0,3,order,CP028419.1,Aeromonas,6,6,4,3,4,0,3,0,0
NZ_CP011622.1,Klebsiella,0,0,0,0,0,none,,,0,0,0,0,0,0,0,0,0
CP027695.1,Klebsiella,1,1,0,0,2,family,NZ_MF150118.1,Proteus,48,2,1,0,1,0,0,0,0
NZ_CP132717.1,Klebsiella,0,0,0,0,0,none,,,0,0,0,0,0,0,0,0,0
NZ_CP144127.1,Klebsiella,0,0,0,0,0,none,,,0,0,0,0,0,0,0,0,0
NZ_ON925022.1,Klebsiella,0,0,0,0,0,none,,,0,0,0,0,0,0,0,0,0
NC_018994.1,Escherichia,0,0,0,0,0,none,,,0,0,0,0,0,0,0,0,0
NZ_CP027038.1,Klebsiella,0,0,0,0,0,none,,,1,0,0,0,0,0,0,0,0
CP050740.1,Salmonella,0,0,0,0,0,none,,,1,0,0,0,0,0,0,0,0
NZ_AP028805.1,Vibrio,0,0,0,0,0,none,,,0,0,0,0,0,0,0,0,0
NZ_CP070578.1,Klebsiella,0,0,0,0,0,none,,,1,0,0,0,0,0,0,0,0
NZ_CP028170.1,Salmonella,0,0,0,0,0,none,,,1,0,0,0,0,0,0,0,0
CP109722.1,Klebsiella,0,0,0,0,0,none,,,4,0,0,0,0,0,0,0,0
NZ_CP087274.1,Klebsiella,1,1,0,0,2,family,NZ_CP096321.1,Providencia,31,16,7,0,7,0,0,0,0
NZ_CP032450.1,Salmonella,0,0,0,0,0,none,,,0,0,0,0,0,0,0,0,0
NZ_KX458222.1,Klebsiella,0,0,0,0,0,none,,,0,0,0,0,0,0,0,0,0
NZ_MZ475700.1,Klebsiella,0,0,0,0,0,none,,,5,0,0,0,0,0,0,0,0
NZ_CP114566.1,Citrobacter,1,1,0,0,2,family,NZ_CP109734.1,Providencia,12,11,1,0,1,0,0,0,0
NZ_OQ338157.1,Klebsiella,1,1,1,0,3,order,NZ_PP860832.1,Vibrio,8,3,1,1,0,1,0,1,0
NZ_CP151205.1,Citrobacter,0,0,0,0,0,none,,,0,0,0,0,0,0,0,0,0
NZ_CP095658.1,Klebsiella,0,0,0,0,0,none,,,0,0,0,0,0,0,0,0,0
NZ_CP041103.1,Klebsiella,0,0,0,0,0,none,,,0,0,0,0,0,0,0,0,0
NZ_MT559990.1,Escherichia,0,0,0,0,0,none,,,1,0,0,0,0,0,0,0,0
NZ_CP053663.1,Escherichia,0,0,0,0,0,none,,,0,0,0,0,0,0,0,0,0
NZ_KR559889.1,Klebsiella,0,0,0,0,0,none,,,0,0,0,0,0,0,0,0,0
NZ_LT985220.1,Escherichia,1,1,0,0,2,family,NZ_MN148427.1,Proteus,5,3,1,0,1,0,0,0,0
CP064854.1,Klebsiella,0,0,0,0,0,none,,,0,0,0,0,0,0,0,0,0
NZ_KR559888.1,Klebsiella,0,0,0,0,0,none,,,0,0,0,0,0,0,0,0,0
NZ_CP100424.1,Vibrio,0,0,0,0,0,none,,,0,0,0,0,0,0,0,0,0
NZ_KY399978.1,Vibrio,1,1,1,0,3,order,NZ_CP082956.1,Salmonella,1,1,1,1,1,0,1,0,0
NZ_CP041209.1,Salmonella,1,0,0,0,1,genus,NZ_CP132696.1,Klebsiella,14,1,0,0,0,0,0,0,0
NZ_LT985249.1,Escherichia,0,0,0,0,0,none,,,0,0,0,0,0,0,0,0,0
NZ_CP026233.1,Citrobacter,0,0,0,0,0,none,,,0,0,0,0,0,0,0,0,0
NZ_MK041212.1,Citrobacter,1,1,0,0,2,family,NZ_MK123268.1,Serratia,45,44,12,0,11,1,0,0,0
NZ_CP032380.1,Salmonella,0,0,0,0,0,none,,,0,0,0,0,0,0,0,0,0
NZ_CP040171.1,Vibrio,0,0,0,0,0,none,,,0,0,0,0,0,0,0,0,0
NZ_CP089604.1,Vibrio,0,0,0,0,0,none,,,0,0,0,0,0,0,0,0,0
NZ_LC556212.1,Klebsiella,1,0,0,0,1,genus,NZ_LC556213.1,Escherichia,3,2,0,0,0,0,0,0,0
NZ_CP129708.1,Klebsiella,0,0,0,0,0,none,,,10,0,0,0,0,0,0,0,0
NZ_OU015324.1,Salmonella,0,0,0,0,0,none,,,0,0,0,0,0,0,0,0,0
NZ_CP144511.1,Klebsiella,0,0,0,0,0,none,,,0,0,0,0,0,0,0,0,0
NZ_CP157163.1,Escherichia,1,0,0,0,1,genus,CP123701.1,Salmonella,2,1,0,0,0,0,0,0,0
NZ_CP142096.1,Providencia,1,1,0,0,2,family,NZ_CP161848.1,Klebsiella,31,24,24,0,16,8,0,0,0
NZ_CP031584.1,Klebsiella,1,0,0,0,1,genus,NZ_CP031573.1,Enterobacter,2,1,0,0,0,0,0,0,0
NZ_CP079618.1,Klebsiella,0,0,0,0,0,none,,,3,0,0,0,0,0,0,0,0
NZ_AP019688.1,Klebsiella,0,0,0,0,0,none,,,0,0,0,0,0,0,0,0,0
CP136914.1,Escherichia,1,1,0,0,2,family,CP136911.1,Hafnia,6,6,2,0,2,0,0,0,0
NZ_MT559988.1,Escherichia,0,0,0,0,0,none,,,0,0,0,0,0,0,0,0,0
NZ_MK123267.1,Escherichia,1,1,0,0,2,family,NZ_MK123268.1,Serratia,45,39,12,0,11,1,0,0,0
NZ_MF344574.1,Enterobacter,0,0,0,0,0,none,,,0,0,0,0,0,0,0,0,0
NZ_CP146661.1,Escherichia,0,0,0,0,0,none,,,0,0,0,0,0,0,0,0,0
NZ_CP054405.1,Klebsiella,1,1,1,0,3,order,NZ_PP860832.1,Vibrio,7,3,1,1,0,1,0,1,0
NZ_CP141561.1,Klebsiella,0,0,0,0,0,none,,,0,0,0,0,0,0,0,0,0
NZ_CP117385.1,Salmonella,0,0,0,0,0,none,,,11,0,0,0,0,0,0,0,0
NZ_CP040884.1,Escherichia,1,1,0,0,2,family,NZ_KJ802405.1,Providencia,4,4,1,0,1,0,0,0,0
NZ_CP011540.1,Klebsiella,1,1,0,0,2,family,NZ_MN148427.1,Proteus,5,4,1,0,1,0,0,0,0
CP094370.1,Klebsiella,0,0,0,0,0,none,,,0,0,0,0,0,0,0,0,0
NZ_CP051319.1,Salmonella,1,0,0,0,1,genus,NZ_CP077483.1,Escherichia,4,2,0,0,0,0,0,0,0
NZ_CP117387.1,Salmonella,0,0,0,0,0,none,,,11,0,0,0,0,0,0,0,0
NZ_OK500123.1,Providencia,1,1,0,0,2,family,NC_019158.1,Klebsiella,45,36,36,0,26,10,0,0,0
NC_016839.1,Klebsiella,0,0,0,0,0,none,,,6,0,0,0,0,0,0,0,0
NZ_CP104923.1,Citrobacter,1,1,1,0,3,order,NZ_PP860831.1,Vibrio,9,9,1,1,0,1,0,1,0
NZ_MT551208.1,Escherichia,0,0,0,0,0,none,,,0,0,0,0,0,0,0,0,0
NZ_CP070557.1,Citrobacter,0,0,0,0,0,none,,,0,0,0,0,0,0,0,0,0
NZ_CP149581.1,Klebsiella,0,0,0,0,0,none,,,0,0,0,0,0,0,0,0,0
NZ_CP050732.1,Salmonella,0,0,0,0,0,none,,,4,0,0,0,0,0,0,0,0
NZ_CP129851.1,Klebsiella,0,0,0,0,0,none,,,17,0,0,0,0,0,0,0,0
NZ_CP096355.1,Providencia,0,0,0,0,0,none,,,2,0,0,0,0,0,0,0,0
NZ_MZ836805.1,Enterobacter,0,0,0,0,0,none,,,0,0,0,0,0,0,0,0,0
NZ_CP079808.1,Klebsiella,0,0,0,0,0,none,,,3,0,0,0,0,0,0,0,0
NZ_MW540821.1,Escherichia,0,0,0,0,0,none,,,0,0,0,0,0,0,0,0,0
NZ_MG450360.1,Escherichia,1,1,0,0,2,family,NZ_CP023274.1,Proteus,2,2,1,0,0,1,0,0,0
NZ_MH892479.1,Citrobacter,1,0,0,0,1,genus,NZ_MH001166.1,Escherichia,1,1,0,0,0,0,0,0,0
NZ_MT560003.1,Salmonella,0,0,0,0,0,none,,,0,0,0,0,0,0,0,0,0
NZ_CP041641.1,Klebsiella,0,0,0,0,0,none,,,0,0,0,0,0,0,0,0,0
CP028419.1,Aeromonas,1,1,1,0,3,order,NZ_ON023483.1,Klebsiella,6,4,4,4,4,0,4,0,0
NZ_CP009414.1,Salmonella,1,0,0,0,1,genus,NZ_JAHQYF010000113.1,Klebsiella,1,1,0,0,0,0,0,0,0
NZ_MH061195.1,Klebsiella,1,1,1,0,3,order,NZ_PP860831.1,Vibrio,9,5,1,1,0,1,0,1,0
NZ_CP117368.1,Salmonella,0,0,0,0,0,none,,,5,0,0,0,0,0,0,0,0
NZ_CP025231.1,Salmonella,1,0,0,0,1,genus,NZ_CP132696.1,Klebsiella,14,1,0,0,0,0,0,0,0
NZ_CP028804.2,Klebsiella,0,0,0,0,0,none,,,0,0,0,0,0,0,0,0,0
NZ_CP134059.1,Vibrio,0,0,0,0,0,none,,,3,0,0,0,0,0,0,0,0
NZ_CP096164.1,Shewanella,0,0,0,0,0,none,,,0,0,0,0,0,0,0,0,0
NZ_CP137132.1,Citrobacter,0,0,0,0,0,none,,,1,0,0,0,0,0,0,0,0
NZ_LT882699.1,Enterobacter,0,0,0,0,0,none,,,1,0,0,0,0,0,0,0,0
NZ_CP132706.1,Klebsiella,0,0,0,0,0,none,,,0,0,0,0,0,0,0,0,0
CP082404.1,Salmonella,0,0,0,0,0,none,,,7,0,0,0,0,0,0,0,0
CP082469.1,Salmonella,0,0,0,0,0,none,,,0,0,0,0,0,0,0,0,0
NZ_CP117347.1,Salmonella,0,0,0,0,0,none,,,1,0,0,0,0,0,0,0,0
NZ_CP053365.1,Klebsiella,0,0,0,0,0,none,,,0,0,0,0,0,0,0,0,0
NZ_CP066542.1,Klebsiella,0,0,0,0,0,none,,,2,0,0,0,0,0,0,0,0
LC521853.1,Klebsiella,0,0,0,0,0,none,,,0,0,0,0,0,0,0,0,0
NZ_CP025240.1,Salmonella,1,0,0,0,1,genus,NZ_CP132696.1,Klebsiella,14,1,0,0,0,0,0,0,0
NZ_OQ821169.1,Escherichia,0,0,0,0,0,none,,,0,0,0,0,0,0,0,0,0
NZ_CP110527.1,Klebsiella,0,0,0,0,0,none,,,0,0,0,0,0,0,0,0,0
NZ_KP345882.1,Escherichia,0,0,0,0,0,none,,,0,0,0,0,0,0,0,0,0
CP012668.1,Vibrio,0,0,0,0,0,none,,,0,0,0,0,0,0,0,0,0
NZ_CP046506.1,Citrobacter,0,0,0,0,0,none,,,0,0,0,0,0,0,0,0,0
NZ_KC999035.1,Escherichia,0,0,0,0,0,none,,,0,0,0,0,0,0,0,0,0
NZ_CP096331.1,Providencia,1,1,0,0,2,family,NC_019158.1,Klebsiella,50,41,40,0,29,11,0,0,0
NZ_CP095603.1,Escherichia,0,0,0,0,0,none,,,1,0,0,0,0,0,0,0,0
NZ_CP021709.1,Klebsiella,1,0,0,0,1,genus,NZ_PQ650614.1,Citrobacter,1,1,0,0,0,0,0,0,0
CP067687.1,Klebsiella,0,0,0,0,0,none,,,1,0,0,0,0,0,0,0,0
NZ_KX815983.1,Salmonella,0,0,0,0,0,none,,,0,0,0,0,0,0,0,0,0
NC_016974.1,Providencia,0,0,0,0,0,none,,,0,0,0,0,0,0,0,0,0
NZ_CP100354.1,Salmonella,0,0,0,0,0,none,,,0,0,0,0,0,0,0,0,0
NZ_CP063295.1,Salmonella,0,0,0,0,0,none,,,0,0,0,0,0,0,0,0,0
NC_023898.1,Klebsiella,0,0,0,0,0,none,,,0,0,0,0,0,0,0,0,0
NZ_CP079646.1,Klebsiella,0,0,0,0,0,none,,,0,0,0,0,0,0,0,0,0
NZ_CP006029.1,Escherichia,0,0,0,0,0,none,,,1,0,0,0,0,0,0,0,0
NZ_CP048305.1,Escherichia,0,0,0,0,0,none,,,0,0,0,0,0,0,0,0,0
NZ_MW464182.1,Enterobacter,0,0,0,0,0,none,,,0,0,0,0,0,0,0,0,0
NZ_MG764552.1,Klebsiella,0,0,0,0,0,none,,,0,0,0,0,0,0,0,0,0
NZ_MH113855.1,Vibrio,0,0,0,0,0,none,,,1,0,0,0,0,0,0,0,0
NZ_CP007137.1,Escherichia,0,0,0,0,0,none,,,1,0,0,0,0,0,0,0,0
NZ_CP017778.1,Klebsiella,0,0,0,0,0,none,,,1,0,0,0,0,0,0,0,0
NZ_AP028130.1,Vibrio,0,0,0,0,0,none,,,0,0,0,0,0,0,0,0,0
CP082149.1,Enterobacter,0,0,0,0,0,none,,,0,0,0,0,0,0,0,0,0
NZ_CP126851.1,Enterobacter,0,0,0,0,0,none,,,0,0,0,0,0,0,0,0,0
NZ_LN831185.1,Vibrio,0,0,0,0,0,none,,,0,0,0,0,0,0,0,0,0
NC_019066.1,Escherichia,1,0,0,0,1,genus,NC_009140.1,Salmonella,4,1,0,0,0,0,0,0,0
NZ_KY887595.1,Escherichia,0,0,0,0,0,none,,,0,0,0,0,0,0,0,0,0
LC744454.1,Escherichia,0,0,0,0,0,none,,,0,0,0,0,0,0,0,0,0
NZ_CP095597.1,Klebsiella,0,0,0,0,0,none,,,3,0,0,0,0,0,0,0,0
NZ_AP014611.1,Serratia,0,0,0,0,0,none,,,0,0,0,0,0,0,0,0,0
NZ_OQ420468.1,Escherichia,0,0,0,0,0,none,,,0,0,0,0,0,0,0,0,0
NZ_LR822055.1,Citrobacter,1,1,0,0,2,family,NZ_CP021551.1,Proteus,1,1,1,0,1,0,0,0,0
NZ_MH844629.1,Escherichia,1,0,0,0,1,genus,NZ_CP053670.1,Klebsiella,3,2,0,0,0,0,0,0,0
NZ_CP117381.1,Salmonella,0,0,0,0,0,none,,,11,0,0,0,0,0,0,0,0
NZ_CP051387.1,Salmonella,0,0,0,0,0,none,,,3,0,0,0,0,0,0,0,0
NZ_CP117341.1,Salmonella,0,0,0,0,0,none,,,3,0,0,0,0,0,0,0,0
NZ_LT882698.1,Klebsiella,0,0,0,0,0,none,,,0,0,0,0,0,0,0,0,0
NZ_CP040034.1,Klebsiella,1,1,0,0,2,family,NZ_MF150118.1,Proteus,50,2,1,0,1,0,0,0,0
NZ_CP032238.1,Escherichia,1,0,0,0,1,genus,NZ_MT859309.1,Salmonella,2,2,0,0,0,0,0,0,0
NZ_AP026526.1,Klebsiella,1,0,0,0,1,genus,NZ_LC556213.1,Escherichia,3,2,0,0,0,0,0,0,0
NZ_CP053815.1,Vibrio,0,0,0,0,0,none,,,1,0,0,0,0,0,0,0,0
NC_017645.1,Escherichia,1,0,0,0,1,genus,NZ_CP014658.1,Salmonella,3,2,0,0,0,0,0,0,0
NZ_CP097701.1,Klebsiella,0,0,0,0,0,none,,,0,0,0,0,0,0,0,0,0
CP067696.1,Klebsiella,0,0,0,0,0,none,,,1,0,0,0,0,0,0,0,0
NZ_CP079656.1,Klebsiella,0,0,0,0,0,none,,,3,0,0,0,0,0,0,0,0
NZ_CP080515.1,Salmonella,0,0,0,0,0,none,,,0,0,0,0,0,0,0,0,0
NZ_CP031570.1,Enterobacter,1,0,0,0,1,genus,NZ_CP032168.1,Klebsiella,4,2,0,0,0,0,0,0,0
NZ_CP122569.1,Klebsiella,1,1,0,0,2,family,NZ_MF150118.1,Proteus,49,2,1,0,1,0,0,0,0
NZ_CP117344.1,Salmonella,0,0,0,0,0,none,,,3,0,0,0,0,0,0,0,0
NZ_MN603981.1,Klebsiella,1,1,0,0,2,family,NZ_CP096321.1,Providencia,28,17,7,0,7,0,0,0,0
NZ_LN831184.1,Vibrio,0,0,0,0,0,none,,,0,0,0,0,0,0,0,0,0
NZ_MZ465529.1,Escherichia,0,0,0,0,0,none,,,0,0,0,0,0,0,0,0,0
NZ_CP095592.1,Providencia,0,0,0,0,0,none,,,3,0,0,0,0,0,0,0,0
NZ_CP089438.1,Citrobacter,0,0,0,0,0,none,,,0,0,0,0,0,0,0,0,0
CP017387.1,Klebsiella,0,0,0,0,0,none,,,1,0,0,0,0,0,0,0,0
NZ_CP031573.1,Enterobacter,1,0,0,0,1,genus,NZ_CM010663.1,Klebsiella,4,3,0,0,0,0,0,0,0
NZ_MN823987.1,Escherichia,0,0,0,0,0,none,,,0,0,0,0,0,0,0,0,0
NZ_CP009560.1,Salmonella,1,0,0,0,1,genus,NZ_CP132696.1,Klebsiella,14,1,0,0,0,0,0,0,0
NZ_MT810375.1,Klebsiella,0,0,0,0,0,none,,,0,0,0,0,0,0,0,0,0
NZ_CP114318.1,Klebsiella,1,0,0,0,1,genus,CP114351.1,Escherichia,13,4,0,0,0,0,0,0,0
NZ_CP041083.1,Klebsiella,0,0,0,0,0,none,,,0,0,0,0,0,0,0,0,0
NZ_OQ622007.1,Vibrio,0,0,0,0,0,none,,,1,0,0,0,0,0,0,0,0
NZ_MZ465528.1,Klebsiella,0,0,0,0,0,none,,,0,0,0,0,0,0,0,0,0
NZ_CP129872.1,Klebsiella,0,0,0,0,0,none,,,0,0,0,0,0,0,0,0,0
AP022381.1,Citrobacter,0,0,0,0,0,none,,,1,0,0,0,0,0,0,0,0
NZ_CP115016.1,Serratia,0,0,0,0,0,none,,,1,0,0,0,0,0,0,0,0
NZ_CP129782.1,Klebsiella,1,1,0,0,2,family,NZ_MF150118.1,Proteus,50,2,1,0,1,0,0,0,0
NZ_CP104113.1,Escherichia,0,0,0,0,0,none,,,1,0,0,0,0,0,0,0,0
